2026-04-01 12:28:19,626 [INFO] Activator:176 - 


2026-04-01 12:28:19,627 [INFO] Activator:177 - !SESSION log4j initialized
2026-04-01 12:28:22,210 [INFO] LogOutputStream:77 - [STDOUT_REDIRECT] 
2026-04-01 12:28:28,005 [INFO] ApplicationProperties:184 - Using Application install path: C:\ST\STM32CubeIDE_1.19.0\STM32CubeIDE\plugins\com.st.stm32cube.common.mx_6.15.0.202507011659
2026-04-01 12:28:28,068 [INFO] DbMcusXml:78 - Set database path to: C:\ST\STM32CubeIDE_1.19.0\STM32CubeIDE\plugins\com.st.stm32cube.common.mx_6.15.0.202507011659\\db\/mcu/
2026-04-01 12:28:28,069 [INFO] ApiDb:274 - Set plugin database path to: C:\ST\STM32CubeIDE_1.19.0\STM32CubeIDE\plugins\com.st.stm32cube.common.mx_6.15.0.202507011659\\db\/plugins/boardmanager/
2026-04-01 12:28:28,069 [WARN] ApiDb:259 - Overriding images path with different value:  => C:\ST\STM32CubeIDE_1.19.0\STM32CubeIDE\plugins\com.st.stm32cube.common.mx_6.15.0.202507011659\\db\/plugins/mcufinder/images/
2026-04-01 12:28:28,090 [INFO] ApiDb:250 - Set database path to: C:\Users\maxta\.stmcufinder\plugins\mcufinder//mcu/
2026-04-01 12:28:28,095 [INFO] DbMcusAds:125 - Set database path to: C:\Users\maxta\.stmcufinder\plugins\mcufinder//mcu/
2026-04-01 12:28:28,107 [INFO] CrossReferenceDbSqlite:203 - Set database path to: C:\Users\maxta\.stmcufinder\plugins\mcufinder//mcu/cs/
2026-04-01 12:28:28,542 [INFO] RulesReader:64 - Compatibility file has been processed (317 Rules)
2026-04-01 12:28:28,802 [INFO] DbMcusXml:78 - Set database path to: C:\ST\STM32CubeIDE_1.19.0\STM32CubeIDE\plugins\com.st.stm32cube.common.mx_6.15.0.202507011659\\db\/mcu/
2026-04-01 12:28:28,802 [INFO] ApiDb:274 - Set plugin database path to: C:\ST\STM32CubeIDE_1.19.0\STM32CubeIDE\plugins\com.st.stm32cube.common.mx_6.15.0.202507011659\\db\/plugins/boardmanager/
2026-04-01 12:28:28,803 [INFO] ApiDb:261 - Set plugin images path to: C:\ST\STM32CubeIDE_1.19.0\STM32CubeIDE\plugins\com.st.stm32cube.common.mx_6.15.0.202507011659\\db\/plugins/mcufinder/images/
2026-04-01 12:28:28,803 [WARN] DbFile:41 - Overriding database path with different value: C:\Users\maxta\.stmcufinder\plugins\mcufinder/ => C:\Users\maxta\.stmcufinder\plugins\mcufinder
2026-04-01 12:28:28,803 [INFO] ApiDb:250 - Set database path to: C:\Users\maxta\.stmcufinder\plugins\mcufinder//mcu/
2026-04-01 12:28:28,803 [WARN] DbFile:41 - Overriding database path with different value: C:\Users\maxta\.stmcufinder\plugins\mcufinder/ => C:\Users\maxta\.stmcufinder\plugins\mcufinder
2026-04-01 12:28:28,803 [INFO] DbMcusAds:125 - Set database path to: C:\Users\maxta\.stmcufinder\plugins\mcufinder//mcu/
2026-04-01 12:28:28,803 [WARN] DbFile:41 - Overriding database path with different value: C:\Users\maxta\.stmcufinder\plugins\mcufinder/ => C:\Users\maxta\.stmcufinder\plugins\mcufinder
2026-04-01 12:28:28,804 [WARN] DbFile:41 - Overriding database path with different value: C:\Users\maxta\.stmcufinder\plugins\mcufinder/ => C:\Users\maxta\.stmcufinder\plugins\mcufinder
2026-04-01 12:28:28,804 [INFO] CrossReferenceDbSqlite:203 - Set database path to: C:\Users\maxta\.stmcufinder\plugins\mcufinder//mcu/cs/
2026-04-01 12:28:28,981 [INFO] MainPanel:274 - HeapMemory: 268435456
2026-04-01 12:28:29,289 [INFO] DbMcusXml:78 - Set database path to: C:\ST\STM32CubeIDE_1.19.0\STM32CubeIDE\plugins\com.st.stm32cube.common.mx_6.15.0.202507011659\\db\/mcu/
2026-04-01 12:28:29,289 [INFO] ApiDb:274 - Set plugin database path to: C:\ST\STM32CubeIDE_1.19.0\STM32CubeIDE\plugins\com.st.stm32cube.common.mx_6.15.0.202507011659\\db\/plugins/boardmanager/
2026-04-01 12:28:29,290 [INFO] ApiDb:261 - Set plugin images path to: C:\ST\STM32CubeIDE_1.19.0\STM32CubeIDE\plugins\com.st.stm32cube.common.mx_6.15.0.202507011659\\db\/plugins/mcufinder/images/
2026-04-01 12:28:29,291 [WARN] DbFile:41 - Overriding database path with different value: C:\Users\maxta\.stmcufinder\plugins\mcufinder/ => C:\Users\maxta\.stmcufinder\plugins\mcufinder
2026-04-01 12:28:29,291 [INFO] ApiDb:250 - Set database path to: C:\Users\maxta\.stmcufinder\plugins\mcufinder//mcu/
2026-04-01 12:28:29,291 [WARN] DbFile:41 - Overriding database path with different value: C:\Users\maxta\.stmcufinder\plugins\mcufinder/ => C:\Users\maxta\.stmcufinder\plugins\mcufinder
2026-04-01 12:28:29,291 [INFO] DbMcusAds:125 - Set database path to: C:\Users\maxta\.stmcufinder\plugins\mcufinder//mcu/
2026-04-01 12:28:29,291 [WARN] DbFile:41 - Overriding database path with different value: C:\Users\maxta\.stmcufinder\plugins\mcufinder/ => C:\Users\maxta\.stmcufinder\plugins\mcufinder
2026-04-01 12:28:29,292 [WARN] DbFile:41 - Overriding database path with different value: C:\Users\maxta\.stmcufinder\plugins\mcufinder/ => C:\Users\maxta\.stmcufinder\plugins\mcufinder
2026-04-01 12:28:29,292 [INFO] CrossReferenceDbSqlite:203 - Set database path to: C:\Users\maxta\.stmcufinder\plugins\mcufinder//mcu/cs/
2026-04-01 12:28:29,335 [INFO] ApplicationProperties:184 - Using Application install path: C:\ST\STM32CubeIDE_1.19.0\STM32CubeIDE\plugins\com.st.stm32cube.common.mx_6.15.0.202507011659
2026-04-01 12:28:29,340 [INFO] PluginManage:196 - Search for loadable plugins [exclusion list=, ]
2026-04-01 12:28:29,344 [INFO] PluginManage:310 - Check plugin analytics
2026-04-01 12:28:30,211 [INFO] AnalyticsPlugin:253 - Accepted Software Licenses: STM32CubeMX.6.15.0
2026-04-01 12:28:30,212 [INFO] AnalyticsPlugin:255 - Accepted CMSIS Pack Licenses: 
2026-04-01 12:28:30,212 [INFO] AnalyticsPlugin:257 - Accepted Firmware Licenses: FW.F4.1.28.0
2026-04-01 12:28:30,222 [INFO] PluginManage:359 - Loaded plugin analytics (category:tool,tabindex:-1)
2026-04-01 12:28:30,224 [INFO] PluginManage:310 - Check plugin cadmodel
2026-04-01 12:28:30,239 [INFO] CADModel:105 - Init CAD model plugin
2026-04-01 12:28:30,240 [INFO] PluginManage:359 - Loaded plugin cadmodel (category:power,tabindex:5)
2026-04-01 12:28:30,241 [INFO] PluginManage:310 - Check plugin clock
2026-04-01 12:28:30,276 [INFO] PluginManage:359 - Loaded plugin clock (category:base,tabindex:2)
2026-04-01 12:28:30,276 [INFO] PluginManage:310 - Check plugin ddr
2026-04-01 12:28:30,290 [INFO] PluginManage:359 - Loaded plugin ddr (category:tool,tabindex:6)
2026-04-01 12:28:30,290 [INFO] PluginManage:310 - Check plugin filemanager
2026-04-01 12:28:30,764 [INFO] PluginManage:359 - Loaded plugin filemanager (category:base,tabindex:10)
2026-04-01 12:28:30,764 [INFO] PluginManage:310 - Check plugin ipmanager
2026-04-01 12:28:30,780 [INFO] PluginManage:359 - Loaded plugin ipmanager (category:base,tabindex:5)
2026-04-01 12:28:30,780 [INFO] PluginManage:310 - Check plugin lpbam
2026-04-01 12:28:30,801 [INFO] PluginManage:359 - Loaded plugin lpbam (category:base,tabindex:0)
2026-04-01 12:28:30,801 [INFO] PluginManage:310 - Check plugin memorymap
2026-04-01 12:28:30,858 [INFO] PluginManage:359 - Loaded plugin memorymap (category:base,tabindex:4)
2026-04-01 12:28:30,858 [INFO] PluginManage:310 - Check plugin pinoutandconfiguration
2026-04-01 12:28:30,883 [INFO] PluginManage:359 - Loaded plugin pinoutandconfiguration (category:base,tabindex:1)
2026-04-01 12:28:30,883 [INFO] PluginManage:310 - Check plugin pinoutconfig
2026-04-01 12:28:31,125 [WARN] SupportedApi:132 - Cannot load RTOS API schema: s4s-elt-must-match.1: The content of 'definitions' must match (annotation?, (simpleType | complexType)?, (unique | key | keyref)*)). A problem was found starting at: attribute.
2026-04-01 12:28:31,636 [INFO] PluginManage:359 - Loaded plugin pinoutconfig (category:base,tabindex:0)
2026-04-01 12:28:31,636 [INFO] PluginManage:310 - Check plugin power
2026-04-01 12:28:31,658 [INFO] PluginManage:359 - Loaded plugin power (category:power,tabindex:4)
2026-04-01 12:28:31,658 [INFO] PluginManage:310 - Check plugin projectmanager
2026-04-01 12:28:31,692 [INFO] PluginManage:359 - Loaded plugin projectmanager (category:projectmanager,tabindex:4)
2026-04-01 12:28:31,692 [INFO] PluginManage:310 - Check plugin rif
2026-04-01 12:28:31,745 [INFO] PluginManage:359 - Loaded plugin rif (category:base,tabindex:3)
2026-04-01 12:28:31,745 [INFO] PluginManage:310 - Check plugin thirdparty
2026-04-01 12:28:32,208 [WARN] IntegrityCheckThread:84 - waiting for thirdparty lock release [integrity check]
2026-04-01 12:28:32,209 [INFO] IntegrityCheckThread:86 - entering critical section [integrity check]
2026-04-01 12:28:32,209 [INFO] ThirdPartyUpdaterWithRetryManager:70 - Updater plugin not ready yet. [1/15]
2026-04-01 12:28:32,210 [INFO] PluginManage:359 - Loaded plugin thirdparty (category:base,tabindex:-1)
2026-04-01 12:28:32,210 [INFO] PluginManage:310 - Check plugin tools
2026-04-01 12:28:32,220 [INFO] PluginManage:359 - Loaded plugin tools (category:base,tabindex:7)
2026-04-01 12:28:32,221 [INFO] PluginManage:310 - Check plugin tutovideos
2026-04-01 12:28:33,048 [INFO] PluginManage:359 - Loaded plugin tutovideos (category:base,tabindex:-1)
2026-04-01 12:28:33,048 [INFO] PluginManage:310 - Check plugin updater
2026-04-01 12:28:33,084 [INFO] PluginManage:359 - Loaded plugin updater (category:base,tabindex:12)
2026-04-01 12:28:33,085 [INFO] PluginManage:310 - Check plugin userauth
2026-04-01 12:28:33,097 [INFO] UserAuth:118 - Init User Auth plugin
2026-04-01 12:28:33,099 [INFO] PluginManage:359 - Loaded plugin userauth (category:base,tabindex:14)
2026-04-01 12:28:33,100 [INFO] PluginManage:283 - PluginManage : Loaded plugins [18]
2026-04-01 12:28:33,633 [INFO] PinOutPanel:1589 - setPackage(No Configuration,No Configuration)
2026-04-01 12:28:33,820 [INFO] CADModel:165 - CPN selected for project level
2026-04-01 12:28:33,820 [INFO] CADModel:114 - Register for checkConnection events
2026-04-01 12:28:33,866 [INFO] IPUIPlugin:80 - create IPUIPlugin
2026-04-01 12:28:33,866 [INFO] PluginManager:220 - loadIPPluginJar : add adc
2026-04-01 12:28:33,872 [INFO] IPUIPlugin:80 - create IPUIPlugin
2026-04-01 12:28:33,872 [INFO] PluginManager:220 - loadIPPluginJar : add aes
2026-04-01 12:28:33,879 [INFO] IPUIPlugin:80 - create IPUIPlugin
2026-04-01 12:28:33,879 [INFO] PluginManager:220 - loadIPPluginJar : add can
2026-04-01 12:28:33,883 [INFO] IPUIPlugin:80 - create IPUIPlugin
2026-04-01 12:28:33,883 [INFO] PluginManager:220 - loadIPPluginJar : add comp
2026-04-01 12:28:33,889 [INFO] IPUIPlugin:80 - create IPUIPlugin
2026-04-01 12:28:33,889 [INFO] PluginManager:220 - loadIPPluginJar : add cryp
2026-04-01 12:28:33,897 [INFO] IPUIPlugin:80 - create IPUIPlugin
2026-04-01 12:28:33,897 [INFO] PluginManager:220 - loadIPPluginJar : add ddr_ctrl_phy
2026-04-01 12:28:33,903 [INFO] IPUIPlugin:80 - create IPUIPlugin
2026-04-01 12:28:33,903 [INFO] PluginManager:220 - loadIPPluginJar : add dfsdm
2026-04-01 12:28:33,916 [INFO] IPUIPlugin:80 - create IPUIPlugin
2026-04-01 12:28:33,917 [INFO] PluginManager:220 - loadIPPluginJar : add dma
2026-04-01 12:28:33,925 [INFO] IPUIPlugin:80 - create IPUIPlugin
2026-04-01 12:28:33,925 [INFO] PluginManager:220 - loadIPPluginJar : add dma3
2026-04-01 12:28:33,933 [INFO] IPUIPlugin:80 - create IPUIPlugin
2026-04-01 12:28:33,933 [INFO] PluginManager:220 - loadIPPluginJar : add extmemmanager
2026-04-01 12:28:33,937 [INFO] IPUIPlugin:80 - create IPUIPlugin
2026-04-01 12:28:33,937 [INFO] PluginManager:220 - loadIPPluginJar : add fatfs
2026-04-01 12:28:33,945 [INFO] IPUIPlugin:80 - create IPUIPlugin
2026-04-01 12:28:33,945 [INFO] PluginManager:220 - loadIPPluginJar : add fmc
2026-04-01 12:28:33,972 [INFO] IPUIPlugin:80 - create IPUIPlugin
2026-04-01 12:28:33,972 [INFO] PluginManager:220 - loadIPPluginJar : add freertos
2026-04-01 12:28:33,977 [INFO] IPUIPlugin:80 - create IPUIPlugin
2026-04-01 12:28:33,977 [INFO] PluginManager:220 - loadIPPluginJar : add genericplugin
2026-04-01 12:28:33,982 [INFO] IPUIPlugin:80 - create IPUIPlugin
2026-04-01 12:28:33,982 [INFO] PluginManager:220 - loadIPPluginJar : add gfxmmu
2026-04-01 12:28:33,990 [INFO] IPUIPlugin:80 - create IPUIPlugin
2026-04-01 12:28:33,990 [INFO] PluginManager:220 - loadIPPluginJar : add gic
2026-04-01 12:28:34,000 [INFO] IPUIPlugin:80 - create IPUIPlugin
2026-04-01 12:28:34,000 [INFO] PluginManager:220 - loadIPPluginJar : add gpio
2026-04-01 12:28:34,006 [INFO] IPUIPlugin:80 - create IPUIPlugin
2026-04-01 12:28:34,007 [INFO] PluginManager:220 - loadIPPluginJar : add gtzc
2026-04-01 12:28:34,011 [INFO] IPUIPlugin:80 - create IPUIPlugin
2026-04-01 12:28:34,012 [INFO] PluginManager:220 - loadIPPluginJar : add hash
2026-04-01 12:28:34,016 [INFO] IPUIPlugin:80 - create IPUIPlugin
2026-04-01 12:28:34,016 [INFO] PluginManager:220 - loadIPPluginJar : add i2c
2026-04-01 12:28:34,022 [INFO] IPUIPlugin:80 - create IPUIPlugin
2026-04-01 12:28:34,023 [INFO] PluginManager:220 - loadIPPluginJar : add i2s
2026-04-01 12:28:34,030 [INFO] IPUIPlugin:80 - create IPUIPlugin
2026-04-01 12:28:34,030 [INFO] PluginManager:220 - loadIPPluginJar : add i3c
2026-04-01 12:28:34,037 [INFO] IPUIPlugin:80 - create IPUIPlugin
2026-04-01 12:28:34,037 [INFO] PluginManager:220 - loadIPPluginJar : add ipddr
2026-04-01 12:28:34,045 [INFO] IPUIPlugin:80 - create IPUIPlugin
2026-04-01 12:28:34,045 [INFO] PluginManager:220 - loadIPPluginJar : add linkedlist
2026-04-01 12:28:34,054 [INFO] IPUIPlugin:80 - create IPUIPlugin
2026-04-01 12:28:34,054 [INFO] PluginManager:220 - loadIPPluginJar : add lorawan
2026-04-01 12:28:34,058 [INFO] IPUIPlugin:80 - create IPUIPlugin
2026-04-01 12:28:34,058 [INFO] PluginManager:220 - loadIPPluginJar : add ltdc
2026-04-01 12:28:34,069 [INFO] IPUIPlugin:80 - create IPUIPlugin
2026-04-01 12:28:34,070 [INFO] PluginManager:220 - loadIPPluginJar : add mdma
2026-04-01 12:28:34,078 [INFO] IPUIPlugin:80 - create IPUIPlugin
2026-04-01 12:28:34,078 [INFO] PluginManager:220 - loadIPPluginJar : add nvic
2026-04-01 12:28:34,083 [INFO] IPUIPlugin:80 - create IPUIPlugin
2026-04-01 12:28:34,083 [INFO] PluginManager:220 - loadIPPluginJar : add opamp
2026-04-01 12:28:34,091 [INFO] IPUIPlugin:80 - create IPUIPlugin
2026-04-01 12:28:34,091 [INFO] PluginManager:220 - loadIPPluginJar : add openamp
2026-04-01 12:28:34,099 [INFO] IPUIPlugin:80 - create IPUIPlugin
2026-04-01 12:28:34,099 [INFO] PluginManager:220 - loadIPPluginJar : add pdm2pcm
2026-04-01 12:28:34,111 [INFO] IPUIPlugin:80 - create IPUIPlugin
2026-04-01 12:28:34,118 [INFO] PluginManager:220 - loadIPPluginJar : add plateformsettings
2026-04-01 12:28:34,122 [INFO] IPUIPlugin:80 - create IPUIPlugin
2026-04-01 12:28:34,123 [INFO] PluginManager:220 - loadIPPluginJar : add quadspi
2026-04-01 12:28:34,128 [INFO] IPUIPlugin:80 - create IPUIPlugin
2026-04-01 12:28:34,130 [INFO] PluginManager:220 - loadIPPluginJar : add radio
2026-04-01 12:28:34,141 [INFO] IPUIPlugin:80 - create IPUIPlugin
2026-04-01 12:28:34,141 [INFO] PluginManager:220 - loadIPPluginJar : add resmgrutility
2026-04-01 12:28:34,148 [INFO] IPUIPlugin:80 - create IPUIPlugin
2026-04-01 12:28:34,148 [INFO] PluginManager:220 - loadIPPluginJar : add sai
2026-04-01 12:28:34,153 [INFO] IPUIPlugin:80 - create IPUIPlugin
2026-04-01 12:28:34,154 [INFO] PluginManager:220 - loadIPPluginJar : add spi
2026-04-01 12:28:34,167 [INFO] IPUIPlugin:80 - create IPUIPlugin
2026-04-01 12:28:34,167 [INFO] PluginManager:220 - loadIPPluginJar : add stm32_wpan
2026-04-01 12:28:34,172 [INFO] IPUIPlugin:80 - create IPUIPlugin
2026-04-01 12:28:34,172 [INFO] PluginManager:220 - loadIPPluginJar : add tim
2026-04-01 12:28:34,179 [INFO] IPUIPlugin:80 - create IPUIPlugin
2026-04-01 12:28:34,179 [INFO] PluginManager:220 - loadIPPluginJar : add touchsensing
2026-04-01 12:28:34,183 [INFO] IPUIPlugin:80 - create IPUIPlugin
2026-04-01 12:28:34,183 [INFO] PluginManager:220 - loadIPPluginJar : add tracer_emb
2026-04-01 12:28:34,189 [INFO] IPUIPlugin:80 - create IPUIPlugin
2026-04-01 12:28:34,189 [INFO] PluginManager:220 - loadIPPluginJar : add ts
2026-04-01 12:28:34,193 [INFO] IPUIPlugin:80 - create IPUIPlugin
2026-04-01 12:28:34,194 [INFO] PluginManager:220 - loadIPPluginJar : add tsc
2026-04-01 12:28:34,198 [INFO] IPUIPlugin:80 - create IPUIPlugin
2026-04-01 12:28:34,198 [INFO] PluginManager:220 - loadIPPluginJar : add ucpd
2026-04-01 12:28:34,204 [INFO] IPUIPlugin:80 - create IPUIPlugin
2026-04-01 12:28:34,204 [INFO] PluginManager:220 - loadIPPluginJar : add usart
2026-04-01 12:28:34,213 [INFO] IPUIPlugin:80 - create IPUIPlugin
2026-04-01 12:28:34,213 [INFO] PluginManager:220 - loadIPPluginJar : add usbx
2026-04-01 12:28:34,385 [FATAL] Updater:351 - Updater called before beeing initialized
2026-04-01 12:28:34,444 [INFO] RulesReader:64 - Compatibility file has been processed (317 Rules)
2026-04-01 12:28:34,463 [INFO] RulesReader:64 - Compatibility file has been processed (317 Rules)
2026-04-01 12:28:34,506 [INFO] CADModel:165 - CPN selected for project level
2026-04-01 12:28:34,506 [INFO] CADModel:114 - Register for checkConnection events
2026-04-01 12:28:34,506 [FATAL] Updater:351 - Updater called before beeing initialized
2026-04-01 12:28:34,506 [ERROR] CADModel:125 - Updater not yet initialized, retry later 
2026-04-01 12:28:34,878 [FATAL] Updater:351 - Updater called before beeing initialized
2026-04-01 12:28:34,883 [INFO] CADModel:165 - CPN selected for project level
2026-04-01 12:28:34,883 [INFO] CADModel:114 - Register for checkConnection events
2026-04-01 12:28:34,883 [FATAL] Updater:351 - Updater called before beeing initialized
2026-04-01 12:28:34,883 [ERROR] CADModel:125 - Updater not yet initialized, retry later 
2026-04-01 12:28:34,890 [FATAL] Updater:351 - Updater called before beeing initialized
2026-04-01 12:28:35,097 [FATAL] Updater:351 - Updater called before beeing initialized
2026-04-01 12:28:35,121 [INFO] DbMcusAds:53 - JSON generation date=Thu Mar 05 16:32:52 EET 2026 (1772721172890)
2026-04-01 12:28:35,122 [FATAL] Updater:351 - Updater called before beeing initialized
2026-04-01 12:28:35,201 [WARN] DetailPanel:346 - Failed to get advertising image, set to default
2026-04-01 12:28:35,212 [INFO] ThirdPartyUpdaterWithRetryManager:70 - Updater plugin not ready yet. [2/15]
2026-04-01 12:28:35,331 [FATAL] Updater:351 - Updater called before beeing initialized
2026-04-01 12:28:35,334 [FATAL] Updater:351 - Updater called before beeing initialized
2026-04-01 12:28:35,335 [FATAL] Updater:351 - Updater called before beeing initialized
2026-04-01 12:28:35,335 [WARN] DetailPanel:346 - Failed to get advertising image, set to default
2026-04-01 12:28:35,336 [FATAL] Updater:351 - Updater called before beeing initialized
2026-04-01 12:28:35,425 [ERROR] Updater:1198 - MainUpdater not yet initialized. External WinMGr cannot be set.
2026-04-01 12:28:35,429 [INFO] Updater:1134 - Updater Version found : 6.15.0
2026-04-01 12:28:35,453 [INFO] ApplicationProperties:184 - Using Application install path: C:\ST\STM32CubeIDE_1.19.0\STM32CubeIDE\plugins\com.st.stm32cube.common.mx_6.15.0.202507011659
2026-04-01 12:28:37,034 [ERROR] LogOutputStream:75 - [STDERR_REDIRECT] Apr 01, 2026 12:28:37 PM java.util.prefs.WindowsPreferences <init>
2026-04-01 12:28:37,035 [ERROR] LogOutputStream:75 - [STDERR_REDIRECT] WARNING: Could not open/create prefs root node Software\JavaSoft\Prefs at root 0xffffffff80000002. Windows RegCreateKeyEx(...) returned error code 5.
2026-04-01 12:28:37,036 [ERROR] LogOutputStream:75 - [STDERR_REDIRECT] 
2026-04-01 12:28:37,418 [INFO] MainUpdater:2872 - connection check result : 10
2026-04-01 12:28:37,418 [INFO] MainUpdater:289 - Updater Check For Update Now.
2026-04-01 12:28:37,418 [INFO] MicroXplorer:498 - Change Database Version : DB.6.0.150
2026-04-01 12:28:37,427 [INFO] McuFinderGlobals:63 - Set McuFinder mode to 2 (CubeIDE integrated)
2026-04-01 12:28:37,428 [INFO] UserAuth:487 - Internet connection configuration mode: 1
2026-04-01 12:28:37,471 [INFO] JxBrowserEngine:152 - Initiate JxBrowser Engine with user profile folder
2026-04-01 12:28:37,632 [INFO] CheckServerUpdateThread:120 - End of CheckServer Thread
2026-04-01 12:28:38,626 [WARN] PackLoader:240 - Cannot read IP mode file for STMicroelectronics.X-CUBE-AZRTOS-H7.3.5.0
2026-04-01 12:28:38,638 [WARN] PackLoader:240 - Cannot read IP mode file for STMicroelectronics.FP-SNS-MOTENVWB1.1.4.0
2026-04-01 12:28:38,645 [WARN] PackLoader:240 - Cannot read IP mode file for STMicroelectronics.FP-ATR-ASTRA1.2.0.2
2026-04-01 12:28:38,664 [WARN] PackLoader:240 - Cannot read IP mode file for STMicroelectronics.X-CUBE-SMBUS.2.1.0
2026-04-01 12:28:38,688 [WARN] PackLoader:240 - Cannot read IP mode file for STMicroelectronics.X-CUBE-AZRTOS-F7.1.1.0
2026-04-01 12:28:38,696 [WARN] PackLoader:240 - Cannot read IP mode file for Cesanta.I-CUBE-Mongoose.7.19.0
2026-04-01 12:28:38,703 [WARN] PackLoader:240 - Cannot read IP mode file for STMicroelectronics.FP-SNS-MOTENV1.4.3.2
2026-04-01 12:28:38,715 [WARN] PackLoader:240 - Cannot read IP mode file for STMicroelectronics.X-CUBE-BLE1.6.2.4
2026-04-01 12:28:38,719 [WARN] PackLoader:240 - Cannot read IP mode file for STMicroelectronics.FP-SNS-MOTENV1.5.1.0
2026-04-01 12:28:38,723 [WARN] PackLoader:240 - Cannot read IP mode file for STMicroelectronics.FP-SNS-FLIGHT1.5.0.2
2026-04-01 12:28:38,751 [WARN] PackLoader:240 - Cannot read IP mode file for Infineon.AIROC-Wi-Fi-Bluetooth-STM32.1.7.1
2026-04-01 12:28:38,791 [WARN] PackLoader:240 - Cannot read IP mode file for STMicroelectronics.X-CUBE-AZRTOS-H7.3.4.0
2026-04-01 12:28:38,808 [WARN] PackLoader:240 - Cannot read IP mode file for STMicroelectronics.X-CUBE-DISPLAY.3.0.0
2026-04-01 12:28:38,816 [WARN] PackLoader:240 - Cannot read IP mode file for STMicroelectronics.FP-SNS-MOTENVWB1.1.5.0
2026-04-01 12:28:38,821 [WARN] PackLoader:240 - Cannot read IP mode file for STMicroelectronics.X-CUBE-BLE1.7.0.0
2026-04-01 12:28:38,828 [WARN] PackLoader:240 - Cannot read IP mode file for STMicroelectronics.X-CUBE-NFC10.1.0.0
2026-04-01 12:28:38,835 [WARN] PackLoader:240 - Cannot read IP mode file for STMicroelectronics.X-CUBE-ST60.1.1.0
2026-04-01 12:28:38,843 [WARN] PackLoader:240 - Cannot read IP mode file for emotas.I-CUBE-CANOPEN.1.3.0
2026-04-01 12:28:38,852 [WARN] PackLoader:240 - Cannot read IP mode file for STMicroelectronics.X-CUBE-TOUCHGFX.4.22.0
2026-04-01 12:28:38,858 [WARN] PackLoader:240 - Cannot read IP mode file for STMicroelectronics.X-CUBE-GNSS1.7.1.0
2026-04-01 12:28:38,866 [WARN] PackLoader:240 - Cannot read IP mode file for STMicroelectronics.FP-SNS-STBOX1.2.1.0
2026-04-01 12:28:38,874 [WARN] PackLoader:240 - Cannot read IP mode file for STMicroelectronics.FP-SNS-SMARTAG2.1.2.0
2026-04-01 12:28:38,879 [WARN] PackLoader:240 - Cannot read IP mode file for STMicroelectronics.FP-SNS-FLIGHT1.5.1.0
2026-04-01 12:28:38,891 [INFO] LogOutputStream:77 - [STDOUT_REDIRECT] 1 : Invalid condition id : UX_CORESTACK_Condition cause : null
2026-04-01 12:28:38,893 [INFO] LogOutputStream:77 - [STDOUT_REDIRECT] 1 : Invalid condition id : UX_CORESTACK_Condition cause : null
2026-04-01 12:28:38,895 [INFO] LogOutputStream:77 - [STDOUT_REDIRECT] 1 : Invalid condition id : UX_CORESTACK_Condition cause : null
2026-04-01 12:28:38,897 [INFO] LogOutputStream:77 - [STDOUT_REDIRECT] 1 : Invalid condition id : UX_CORESTACK_Condition cause : null
2026-04-01 12:28:38,898 [INFO] LogOutputStream:77 - [STDOUT_REDIRECT] 1 : Invalid condition id : UX_CORESTACK_Condition cause : null
2026-04-01 12:28:38,901 [WARN] PackLoader:240 - Cannot read IP mode file for STMicroelectronics.X-CUBE-AZRTOS-WL.2.0.0
2026-04-01 12:28:38,922 [WARN] PackLoader:240 - Cannot read IP mode file for STMicroelectronics.X-CUBE-AZRTOS-H7RS.1.2.0
2026-04-01 12:28:38,941 [WARN] PackLoader:240 - Cannot read IP mode file for WES.I-CUBE-Cesium.1.3.0
2026-04-01 12:28:39,004 [WARN] PackLoader:240 - Cannot read IP mode file for STMicroelectronics.X-CUBE-BLE2.3.3.0
2026-04-01 12:28:39,042 [WARN] PackLoader:240 - Cannot read IP mode file for STMicroelectronics.X-CUBE-NFC9.1.0.0
2026-04-01 12:28:39,061 [WARN] PackLoader:240 - Cannot read IP mode file for STMicroelectronics.X-CUBE-BLE1.7.1.0
2026-04-01 12:28:39,065 [INFO] WebApp:169 - Instantiating new browser for Auth
2026-04-01 12:28:39,071 [WARN] PackLoader:240 - Cannot read IP mode file for wolfSSL.I-CUBE-wolfMQTT.1.19.2
2026-04-01 12:28:39,079 [WARN] PackLoader:240 - Cannot read IP mode file for STMicroelectronics.X-CUBE-FREERTOS.1.4.0
2026-04-01 12:28:39,088 [WARN] PackLoader:240 - Cannot read IP mode file for STMicroelectronics.X-CUBE-EEPRMA1.5.2.0
2026-04-01 12:28:39,100 [WARN] PackLoader:240 - Cannot read IP mode file for STMicroelectronics.X-CUBE-ST67W61.1.1.0
2026-04-01 12:28:39,230 [WARN] PackLoader:240 - Cannot read IP mode file for STMicroelectronics.X-CUBE-MEMS1.12.0.0
2026-04-01 12:28:39,339 [WARN] PackLoader:240 - Cannot read IP mode file for STMicroelectronics.X-CUBE-ALGOBUILD.1.3.0
2026-04-01 12:28:39,354 [WARN] PackLoader:240 - Cannot read IP mode file for STMicroelectronics.X-CUBE-AZRTOS-G0.1.1.0
2026-04-01 12:28:39,363 [WARN] PackLoader:240 - Cannot read IP mode file for STMicroelectronics.X-CUBE-NFC4.3.0.0
2026-04-01 12:28:39,375 [WARN] PackLoader:240 - Cannot read IP mode file for EmbeddedOffice.I-CUBE-FS-RTOS.1.0.1
2026-04-01 12:28:39,383 [WARN] PackLoader:240 - Cannot read IP mode file for STMicroelectronics.X-CUBE-WB05N.2.0.0
2026-04-01 12:28:39,389 [WARN] PackLoader:240 - Cannot read IP mode file for wolfSSL.I-CUBE-wolfTPM.3.8.0
2026-04-01 12:28:39,396 [WARN] PackLoader:240 - Cannot read IP mode file for STMicroelectronics.X-CUBE-TCPP.4.2.0
2026-04-01 12:28:39,404 [WARN] PackLoader:240 - Cannot read IP mode file for RealThread.X-CUBE-RT-Thread_Nano.4.1.1
2026-04-01 12:28:39,410 [WARN] PackLoader:240 - Cannot read IP mode file for STMicroelectronics.FP-ATR-SIGFOX1.3.2.0
2026-04-01 12:28:39,415 [WARN] PackLoader:240 - Cannot read IP mode file for STMicroelectronics.X-CUBE-FREERTOS.1.5.0
2026-04-01 12:28:39,426 [WARN] PackLoader:240 - Cannot read IP mode file for ITTIA_DB.I-CUBE-ITTIADB.8.9.0
2026-04-01 12:28:39,445 [WARN] PackLoader:240 - Cannot read IP mode file for STMicroelectronics.X-CUBE-NFC6.3.2.0
2026-04-01 12:28:39,455 [WARN] PackLoader:240 - Cannot read IP mode file for STMicroelectronics.X-CUBE-AI.10.2.0
2026-04-01 12:28:39,485 [WARN] PackLoader:240 - Cannot read IP mode file for SEGGER.I-CUBE-embOS.1.3.1
2026-04-01 12:28:39,531 [WARN] PackLoader:240 - Cannot read IP mode file for STMicroelectronics.X-CUBE-ALGOBUILD.1.4.0
2026-04-01 12:28:39,589 [WARN] PackLoader:240 - Cannot read IP mode file for STMicroelectronics.X-CUBE-MEMS1.11.3.0
2026-04-01 12:28:39,728 [WARN] PackLoader:240 - Cannot read IP mode file for STMicroelectronics.X-CUBE-PM33A1.1.0.0
2026-04-01 12:28:39,733 [WARN] PackLoader:240 - Cannot read IP mode file for STMicroelectronics.X-CUBE-GNSS1.6.0.0
2026-04-01 12:28:39,749 [WARN] PackLoader:240 - Cannot read IP mode file for STMicroelectronics.X-CUBE-AZRTOS-F4.1.1.0
2026-04-01 12:28:39,755 [WARN] PackLoader:240 - Cannot read IP mode file for wolfSSL.I-CUBE-wolfSSL.5.6.3
2026-04-01 12:28:39,760 [WARN] PackLoader:240 - Cannot read IP mode file for STMicroelectronics.X-CUBE-ISPU.2.1.0
2026-04-01 12:28:39,774 [WARN] PackLoader:240 - Cannot read IP mode file for STMicroelectronics.X-CUBE-IPS.3.2.0
2026-04-01 12:28:39,786 [WARN] PackLoader:240 - Cannot read IP mode file for STMicroelectronics.X-CUBE-NFC12.1.0.0
2026-04-01 12:28:39,802 [WARN] PackLoader:240 - Cannot read IP mode file for STMicroelectronics.X-CUBE-AZRTOS-L5.2.0.0
2026-04-01 12:28:39,835 [WARN] PackLoader:240 - Cannot read IP mode file for STMicroelectronics.X-CUBE-MEMS1.9.6.0
2026-04-01 12:28:40,021 [WARN] PackLoader:240 - Cannot read IP mode file for STMicroelectronics.X-CUBE-NFC6.3.1.0
2026-04-01 12:28:40,031 [WARN] PackLoader:240 - Cannot read IP mode file for STMicroelectronics.X-CUBE-BLEMGR.2.0.0
2026-04-01 12:28:40,046 [WARN] ConditionMgr:438 - getConditionDescription Invalid condition id : UX DEVICE CLASS RTOS Condition cause : null
2026-04-01 12:28:40,046 [WARN] ConditionMgr:438 - getConditionDescription Invalid condition id : UX DEVICE CLASS RTOS Condition cause : null
2026-04-01 12:28:40,050 [WARN] PackLoader:240 - Cannot read IP mode file for STMicroelectronics.X-CUBE-AZRTOS-H7.3.1.0
2026-04-01 12:28:40,051 [WARN] ConditionMgr:1044 - genDependencies : Invalid condition id : UX DEVICE CLASS RTOS Condition cause : null
2026-04-01 12:28:40,051 [WARN] ConditionMgr:1044 - genDependencies : Invalid condition id : UX DEVICE CLASS RTOS Condition cause : null
2026-04-01 12:28:40,052 [WARN] ConditionMgr:1044 - genDependencies : Invalid condition id : UX DEVICE CLASS RTOS Condition cause : null
2026-04-01 12:28:40,052 [WARN] ConditionMgr:1044 - genDependencies : Invalid condition id : UX DEVICE CLASS RTOS Condition cause : null
2026-04-01 12:28:40,052 [WARN] ConditionMgr:1044 - genDependencies : Invalid condition id : UX DEVICE CLASS RTOS Condition cause : null
2026-04-01 12:28:40,059 [WARN] PackLoader:240 - Cannot read IP mode file for STMicroelectronics.X-CUBE-FREERTOS.1.3.1
2026-04-01 12:28:40,065 [WARN] PackLoader:240 - Cannot read IP mode file for STMicroelectronics.X-CUBE-NFC7.1.0.1
2026-04-01 12:28:40,070 [WARN] PackLoader:240 - Cannot read IP mode file for STMicroelectronics.X-CUBE-TOUCHGFX.4.26.0
2026-04-01 12:28:40,074 [WARN] PackLoader:240 - Cannot read IP mode file for STMicroelectronics.X-CUBE-TOUCHGFX.4.26.1
2026-04-01 12:28:40,078 [WARN] PackLoader:240 - Cannot read IP mode file for STMicroelectronics.X-CUBE-EEPRMA1.4.1.0
2026-04-01 12:28:40,086 [WARN] PackLoader:240 - Cannot read IP mode file for STMicroelectronics.FP-SNS-STAIOTCFT.1.0.0
2026-04-01 12:28:40,092 [WARN] PackLoader:240 - Cannot read IP mode file for STMicroelectronics.X-CUBE-DPower.1.3.0
2026-04-01 12:28:40,096 [WARN] PackLoader:240 - Cannot read IP mode file for STMicroelectronics.X-CUBE-AI.8.1.0
2026-04-01 12:28:40,113 [WARN] ConditionMgr:438 - getConditionDescription Invalid condition id : LAN8742 Phy interface Condition cause : null
2026-04-01 12:28:40,113 [WARN] PackLoader:240 - Cannot read IP mode file for STMicroelectronics.X-CUBE-AZRTOS-L4.2.0.0
2026-04-01 12:28:40,114 [WARN] ConditionMgr:1044 - genDependencies : Invalid condition id : LAN8742 Phy interface Condition cause : null
2026-04-01 12:28:40,115 [WARN] ConditionMgr:1044 - genDependencies : Invalid condition id : LAN8742 Phy interface Condition cause : null
2026-04-01 12:28:40,115 [WARN] ConditionMgr:1044 - genDependencies : Invalid condition id : LAN8742 Phy interface Condition cause : null
2026-04-01 12:28:40,128 [WARN] PackLoader:240 - Cannot read IP mode file for STMicroelectronics.X-CUBE-SFXS2LP1.4.0.0
2026-04-01 12:28:40,135 [WARN] PackLoader:240 - Cannot read IP mode file for STMicroelectronics.X-CUBE-ST67W61.1.2.0
2026-04-01 12:28:40,141 [WARN] PackLoader:240 - Cannot read IP mode file for STMicroelectronics.X-CUBE-ISPU.1.1.0
2026-04-01 12:28:40,150 [WARN] PackLoader:240 - Cannot read IP mode file for STMicroelectronics.X-CUBE-BLEMGR.4.1.0
2026-04-01 12:28:40,167 [WARN] ConditionMgr:438 - getConditionDescription Invalid condition id : UX DEVICE CLASS RTOS Condition cause : null
2026-04-01 12:28:40,167 [WARN] ConditionMgr:438 - getConditionDescription Invalid condition id : UX DEVICE CLASS RTOS Condition cause : null
2026-04-01 12:28:40,169 [WARN] PackLoader:240 - Cannot read IP mode file for STMicroelectronics.X-CUBE-AZRTOS-WB.2.0.0
2026-04-01 12:28:40,169 [WARN] ConditionMgr:1044 - genDependencies : Invalid condition id : UX DEVICE CLASS RTOS Condition cause : null
2026-04-01 12:28:40,169 [WARN] ConditionMgr:1044 - genDependencies : Invalid condition id : UX DEVICE CLASS RTOS Condition cause : null
2026-04-01 12:28:40,170 [WARN] ConditionMgr:1044 - genDependencies : Invalid condition id : UX DEVICE CLASS RTOS Condition cause : null
2026-04-01 12:28:40,170 [WARN] ConditionMgr:1044 - genDependencies : Invalid condition id : UX DEVICE CLASS RTOS Condition cause : null
2026-04-01 12:28:40,170 [WARN] ConditionMgr:1044 - genDependencies : Invalid condition id : UX DEVICE CLASS RTOS Condition cause : null
2026-04-01 12:28:40,175 [WARN] PackLoader:240 - Cannot read IP mode file for STMicroelectronics.X-CUBE-FREERTOS.1.0.1
2026-04-01 12:28:40,182 [WARN] ConditionMgr:438 - getConditionDescription Invalid condition id : Cortex-A Device cause : null
2026-04-01 12:28:40,195 [WARN] ConditionMgr:1044 - genDependencies : Invalid condition id : Cortex-A Device cause : null
2026-04-01 12:28:40,196 [WARN] ConditionMgr:1044 - genDependencies : Invalid condition id : Cortex-A Device cause : null
2026-04-01 12:28:40,196 [WARN] ConditionMgr:1044 - genDependencies : Invalid condition id : Cortex-A Device cause : null
2026-04-01 12:28:40,203 [WARN] PackLoader:240 - Cannot read IP mode file for STMicroelectronics.X-CUBE-STSE01.2.0.0
2026-04-01 12:28:40,217 [WARN] PackLoader:240 - Cannot read IP mode file for STMicroelectronics.X-CUBE-AZRTOS-L5.1.1.0
2026-04-01 12:28:40,224 [WARN] PackLoader:240 - Cannot read IP mode file for STMicroelectronics.X-CUBE-AI.8.0.1
2026-04-01 12:28:40,233 [WARN] PackLoader:240 - Cannot read IP mode file for STMicroelectronics.X-CUBE-SUBG2.5.0.0
2026-04-01 12:28:40,253 [WARN] PackLoader:240 - Cannot read IP mode file for STMicroelectronics.X-CUBE-AZRTOS-H7RS.1.1.0
2026-04-01 12:28:40,264 [WARN] PackLoader:240 - Cannot read IP mode file for STMicroelectronics.X-CUBE-TOF1.3.3.1
2026-04-01 12:28:40,283 [WARN] PackLoader:240 - Cannot read IP mode file for STMicroelectronics.X-CUBE-AZRTOS-G4.2.0.0
2026-04-01 12:28:40,290 [WARN] PackLoader:240 - Cannot read IP mode file for wolfSSL.I-CUBE-wolfSSH.1.4.20
2026-04-01 12:28:40,294 [WARN] PackLoader:240 - Cannot read IP mode file for STMicroelectronics.X-CUBE-NFC7.2.0.0
2026-04-01 12:28:40,300 [WARN] PackLoader:240 - Cannot read IP mode file for STMicroelectronics.X-CUBE-ALS.1.0.2
2026-04-01 12:28:40,305 [WARN] PackLoader:240 - Cannot read IP mode file for STMicroelectronics.X-CUBE-STSE01.1.0.0
2026-04-01 12:28:40,314 [WARN] PackLoader:240 - Cannot read IP mode file for portGmbH.I-Cube-SoM-uGOAL.1.1.0
2026-04-01 12:28:40,319 [WARN] PackLoader:240 - Cannot read IP mode file for STMicroelectronics.X-CUBE-ALS.1.0.1
2026-04-01 12:28:40,331 [WARN] PackLoader:240 - Cannot read IP mode file for STMicroelectronics.X-CUBE-AZRTOS-WB.1.1.0
2026-04-01 12:28:40,336 [WARN] PackLoader:240 - Cannot read IP mode file for STMicroelectronics.FP-ATR-ASTRA1.2.0.0
2026-04-01 12:28:40,345 [WARN] PackLoader:240 - Cannot read IP mode file for STMicroelectronics.X-CUBE-TOF1.3.4.3
2026-04-01 12:28:40,358 [INFO] ThirdParty:978 - Integrity check success = true
2026-04-01 12:28:40,358 [INFO] IntegrityCheckThread:100 - exiting critical section [integrity check]
2026-04-01 12:28:40,358 [INFO] IntegrityCheckThread:103 - End integrity checks thread
2026-04-01 12:28:41,158 [INFO] WebApp:463 - Apply proxy settings
2026-04-01 12:28:41,159 [INFO] WebApp:548 - Chromium requires no authentication
2026-04-01 12:28:41,174 [INFO] WebApp:491 - Direct internet connection detected
2026-04-01 12:28:41,207 [INFO] WebApp:900 - Register for checkConnection events
2026-04-01 12:28:41,207 [INFO] WebApp:463 - Apply proxy settings
2026-04-01 12:28:41,207 [INFO] WebApp:548 - Chromium requires no authentication
2026-04-01 12:28:41,208 [INFO] WebApp:491 - Direct internet connection detected
2026-04-01 12:28:41,385 [INFO] WebApp:191 - Connection restablished
2026-04-01 12:28:41,428 [INFO] WebApp:225 - Starting web application
2026-04-01 12:28:41,428 [INFO] WebApp:593 - Web application path used C:\ST\STM32CubeIDE_1.19.0\STM32CubeIDE\plugins\com.st.stm32cube.common.mx_6.15.0.202507011659\db\plugins\mcufinder\reactClient1\index.html
2026-04-01 12:28:41,686 [INFO] UserAuth:487 - Internet connection configuration mode: 1
2026-04-01 12:29:16,722 [ERROR] LogOutputStream:75 - [STDERR_REDIRECT] 
2026-04-01 12:32:06,626 [INFO] Activator:176 - 


2026-04-01 12:32:06,629 [INFO] Activator:177 - !SESSION log4j initialized
2026-04-01 12:32:11,121 [INFO] LogOutputStream:77 - [STDOUT_REDIRECT] 
2026-04-01 12:32:24,372 [INFO] ApplicationProperties:184 - Using Application install path: C:\ST\STM32CubeIDE_1.19.0\STM32CubeIDE\plugins\com.st.stm32cube.common.mx_6.15.0.202507011659
2026-04-01 12:32:24,385 [INFO] DbMcusXml:78 - Set database path to: C:\ST\STM32CubeIDE_1.19.0\STM32CubeIDE\plugins\com.st.stm32cube.common.mx_6.15.0.202507011659\\db\/mcu/
2026-04-01 12:32:24,385 [INFO] ApiDb:274 - Set plugin database path to: C:\ST\STM32CubeIDE_1.19.0\STM32CubeIDE\plugins\com.st.stm32cube.common.mx_6.15.0.202507011659\\db\/plugins/boardmanager/
2026-04-01 12:32:24,385 [WARN] ApiDb:259 - Overriding images path with different value:  => C:\ST\STM32CubeIDE_1.19.0\STM32CubeIDE\plugins\com.st.stm32cube.common.mx_6.15.0.202507011659\\db\/plugins/mcufinder/images/
2026-04-01 12:32:24,389 [INFO] ApiDb:250 - Set database path to: C:\Users\maxta\.stmcufinder\plugins\mcufinder//mcu/
2026-04-01 12:32:24,390 [INFO] DbMcusAds:125 - Set database path to: C:\Users\maxta\.stmcufinder\plugins\mcufinder//mcu/
2026-04-01 12:32:24,400 [INFO] CrossReferenceDbSqlite:203 - Set database path to: C:\Users\maxta\.stmcufinder\plugins\mcufinder//mcu/cs/
2026-04-01 12:32:24,534 [INFO] RulesReader:64 - Compatibility file has been processed (317 Rules)
2026-04-01 12:32:24,618 [INFO] DbMcusXml:78 - Set database path to: C:\ST\STM32CubeIDE_1.19.0\STM32CubeIDE\plugins\com.st.stm32cube.common.mx_6.15.0.202507011659\\db\/mcu/
2026-04-01 12:32:24,618 [INFO] ApiDb:274 - Set plugin database path to: C:\ST\STM32CubeIDE_1.19.0\STM32CubeIDE\plugins\com.st.stm32cube.common.mx_6.15.0.202507011659\\db\/plugins/boardmanager/
2026-04-01 12:32:24,619 [INFO] ApiDb:261 - Set plugin images path to: C:\ST\STM32CubeIDE_1.19.0\STM32CubeIDE\plugins\com.st.stm32cube.common.mx_6.15.0.202507011659\\db\/plugins/mcufinder/images/
2026-04-01 12:32:24,619 [WARN] DbFile:41 - Overriding database path with different value: C:\Users\maxta\.stmcufinder\plugins\mcufinder/ => C:\Users\maxta\.stmcufinder\plugins\mcufinder
2026-04-01 12:32:24,619 [INFO] ApiDb:250 - Set database path to: C:\Users\maxta\.stmcufinder\plugins\mcufinder//mcu/
2026-04-01 12:32:24,619 [WARN] DbFile:41 - Overriding database path with different value: C:\Users\maxta\.stmcufinder\plugins\mcufinder/ => C:\Users\maxta\.stmcufinder\plugins\mcufinder
2026-04-01 12:32:24,619 [INFO] DbMcusAds:125 - Set database path to: C:\Users\maxta\.stmcufinder\plugins\mcufinder//mcu/
2026-04-01 12:32:24,619 [WARN] DbFile:41 - Overriding database path with different value: C:\Users\maxta\.stmcufinder\plugins\mcufinder/ => C:\Users\maxta\.stmcufinder\plugins\mcufinder
2026-04-01 12:32:24,619 [WARN] DbFile:41 - Overriding database path with different value: C:\Users\maxta\.stmcufinder\plugins\mcufinder/ => C:\Users\maxta\.stmcufinder\plugins\mcufinder
2026-04-01 12:32:24,619 [INFO] CrossReferenceDbSqlite:203 - Set database path to: C:\Users\maxta\.stmcufinder\plugins\mcufinder//mcu/cs/
2026-04-01 12:32:24,693 [INFO] MainPanel:274 - HeapMemory: 268435456
2026-04-01 12:32:24,776 [INFO] DbMcusXml:78 - Set database path to: C:\ST\STM32CubeIDE_1.19.0\STM32CubeIDE\plugins\com.st.stm32cube.common.mx_6.15.0.202507011659\\db\/mcu/
2026-04-01 12:32:24,776 [INFO] ApiDb:274 - Set plugin database path to: C:\ST\STM32CubeIDE_1.19.0\STM32CubeIDE\plugins\com.st.stm32cube.common.mx_6.15.0.202507011659\\db\/plugins/boardmanager/
2026-04-01 12:32:24,778 [INFO] ApiDb:261 - Set plugin images path to: C:\ST\STM32CubeIDE_1.19.0\STM32CubeIDE\plugins\com.st.stm32cube.common.mx_6.15.0.202507011659\\db\/plugins/mcufinder/images/
2026-04-01 12:32:24,778 [WARN] DbFile:41 - Overriding database path with different value: C:\Users\maxta\.stmcufinder\plugins\mcufinder/ => C:\Users\maxta\.stmcufinder\plugins\mcufinder
2026-04-01 12:32:24,778 [INFO] ApiDb:250 - Set database path to: C:\Users\maxta\.stmcufinder\plugins\mcufinder//mcu/
2026-04-01 12:32:24,779 [WARN] DbFile:41 - Overriding database path with different value: C:\Users\maxta\.stmcufinder\plugins\mcufinder/ => C:\Users\maxta\.stmcufinder\plugins\mcufinder
2026-04-01 12:32:24,779 [INFO] DbMcusAds:125 - Set database path to: C:\Users\maxta\.stmcufinder\plugins\mcufinder//mcu/
2026-04-01 12:32:24,779 [WARN] DbFile:41 - Overriding database path with different value: C:\Users\maxta\.stmcufinder\plugins\mcufinder/ => C:\Users\maxta\.stmcufinder\plugins\mcufinder
2026-04-01 12:32:24,779 [WARN] DbFile:41 - Overriding database path with different value: C:\Users\maxta\.stmcufinder\plugins\mcufinder/ => C:\Users\maxta\.stmcufinder\plugins\mcufinder
2026-04-01 12:32:24,779 [INFO] CrossReferenceDbSqlite:203 - Set database path to: C:\Users\maxta\.stmcufinder\plugins\mcufinder//mcu/cs/
2026-04-01 12:32:24,799 [INFO] ApplicationProperties:184 - Using Application install path: C:\ST\STM32CubeIDE_1.19.0\STM32CubeIDE\plugins\com.st.stm32cube.common.mx_6.15.0.202507011659
2026-04-01 12:32:24,801 [INFO] PluginManage:196 - Search for loadable plugins [exclusion list=, ]
2026-04-01 12:32:24,802 [INFO] PluginManage:310 - Check plugin analytics
2026-04-01 12:32:25,045 [INFO] AnalyticsPlugin:253 - Accepted Software Licenses: STM32CubeMX.6.15.0
2026-04-01 12:32:25,046 [INFO] AnalyticsPlugin:255 - Accepted CMSIS Pack Licenses: 
2026-04-01 12:32:25,046 [INFO] AnalyticsPlugin:257 - Accepted Firmware Licenses: FW.F4.1.28.0
2026-04-01 12:32:25,053 [INFO] PluginManage:359 - Loaded plugin analytics (category:tool,tabindex:-1)
2026-04-01 12:32:25,054 [INFO] PluginManage:310 - Check plugin cadmodel
2026-04-01 12:32:25,061 [INFO] CADModel:105 - Init CAD model plugin
2026-04-01 12:32:25,061 [INFO] PluginManage:359 - Loaded plugin cadmodel (category:power,tabindex:5)
2026-04-01 12:32:25,062 [INFO] PluginManage:310 - Check plugin clock
2026-04-01 12:32:25,074 [INFO] PluginManage:359 - Loaded plugin clock (category:base,tabindex:2)
2026-04-01 12:32:25,074 [INFO] PluginManage:310 - Check plugin ddr
2026-04-01 12:32:25,076 [INFO] PluginManage:359 - Loaded plugin ddr (category:tool,tabindex:6)
2026-04-01 12:32:25,076 [INFO] PluginManage:310 - Check plugin filemanager
2026-04-01 12:32:25,264 [INFO] PluginManage:359 - Loaded plugin filemanager (category:base,tabindex:10)
2026-04-01 12:32:25,264 [INFO] PluginManage:310 - Check plugin ipmanager
2026-04-01 12:32:25,274 [INFO] PluginManage:359 - Loaded plugin ipmanager (category:base,tabindex:5)
2026-04-01 12:32:25,274 [INFO] PluginManage:310 - Check plugin lpbam
2026-04-01 12:32:25,284 [INFO] PluginManage:359 - Loaded plugin lpbam (category:base,tabindex:0)
2026-04-01 12:32:25,284 [INFO] PluginManage:310 - Check plugin memorymap
2026-04-01 12:32:25,300 [INFO] PluginManage:359 - Loaded plugin memorymap (category:base,tabindex:4)
2026-04-01 12:32:25,300 [INFO] PluginManage:310 - Check plugin pinoutandconfiguration
2026-04-01 12:32:25,308 [INFO] PluginManage:359 - Loaded plugin pinoutandconfiguration (category:base,tabindex:1)
2026-04-01 12:32:25,308 [INFO] PluginManage:310 - Check plugin pinoutconfig
2026-04-01 12:32:25,430 [WARN] SupportedApi:132 - Cannot load RTOS API schema: s4s-elt-must-match.1: The content of 'definitions' must match (annotation?, (simpleType | complexType)?, (unique | key | keyref)*)). A problem was found starting at: attribute.
2026-04-01 12:32:25,688 [INFO] PluginManage:359 - Loaded plugin pinoutconfig (category:base,tabindex:0)
2026-04-01 12:32:25,688 [INFO] PluginManage:310 - Check plugin power
2026-04-01 12:32:25,703 [INFO] PluginManage:359 - Loaded plugin power (category:power,tabindex:4)
2026-04-01 12:32:25,704 [INFO] PluginManage:310 - Check plugin projectmanager
2026-04-01 12:32:25,725 [INFO] PluginManage:359 - Loaded plugin projectmanager (category:projectmanager,tabindex:4)
2026-04-01 12:32:25,726 [INFO] PluginManage:310 - Check plugin rif
2026-04-01 12:32:25,736 [INFO] PluginManage:359 - Loaded plugin rif (category:base,tabindex:3)
2026-04-01 12:32:25,736 [INFO] PluginManage:310 - Check plugin thirdparty
2026-04-01 12:32:25,874 [WARN] IntegrityCheckThread:84 - waiting for thirdparty lock release [integrity check]
2026-04-01 12:32:25,874 [INFO] IntegrityCheckThread:86 - entering critical section [integrity check]
2026-04-01 12:32:25,875 [INFO] ThirdPartyUpdaterWithRetryManager:70 - Updater plugin not ready yet. [1/15]
2026-04-01 12:32:25,875 [INFO] PluginManage:359 - Loaded plugin thirdparty (category:base,tabindex:-1)
2026-04-01 12:32:25,875 [INFO] PluginManage:310 - Check plugin tools
2026-04-01 12:32:25,879 [INFO] PluginManage:359 - Loaded plugin tools (category:base,tabindex:7)
2026-04-01 12:32:25,879 [INFO] PluginManage:310 - Check plugin tutovideos
2026-04-01 12:32:26,048 [INFO] PluginManage:359 - Loaded plugin tutovideos (category:base,tabindex:-1)
2026-04-01 12:32:26,048 [INFO] PluginManage:310 - Check plugin updater
2026-04-01 12:32:26,068 [INFO] PluginManage:359 - Loaded plugin updater (category:base,tabindex:12)
2026-04-01 12:32:26,068 [INFO] PluginManage:310 - Check plugin userauth
2026-04-01 12:32:26,071 [INFO] UserAuth:118 - Init User Auth plugin
2026-04-01 12:32:26,072 [INFO] PluginManage:359 - Loaded plugin userauth (category:base,tabindex:14)
2026-04-01 12:32:26,073 [INFO] PluginManage:283 - PluginManage : Loaded plugins [18]
2026-04-01 12:32:26,246 [INFO] PinOutPanel:1589 - setPackage(No Configuration,No Configuration)
2026-04-01 12:32:26,322 [INFO] CADModel:165 - CPN selected for project level
2026-04-01 12:32:26,322 [INFO] CADModel:114 - Register for checkConnection events
2026-04-01 12:32:26,339 [INFO] IPUIPlugin:80 - create IPUIPlugin
2026-04-01 12:32:26,339 [INFO] PluginManager:220 - loadIPPluginJar : add adc
2026-04-01 12:32:26,341 [INFO] IPUIPlugin:80 - create IPUIPlugin
2026-04-01 12:32:26,342 [INFO] PluginManager:220 - loadIPPluginJar : add aes
2026-04-01 12:32:26,345 [INFO] IPUIPlugin:80 - create IPUIPlugin
2026-04-01 12:32:26,345 [INFO] PluginManager:220 - loadIPPluginJar : add can
2026-04-01 12:32:26,346 [INFO] IPUIPlugin:80 - create IPUIPlugin
2026-04-01 12:32:26,346 [INFO] PluginManager:220 - loadIPPluginJar : add comp
2026-04-01 12:32:26,349 [INFO] IPUIPlugin:80 - create IPUIPlugin
2026-04-01 12:32:26,349 [INFO] PluginManager:220 - loadIPPluginJar : add cryp
2026-04-01 12:32:26,353 [INFO] IPUIPlugin:80 - create IPUIPlugin
2026-04-01 12:32:26,353 [INFO] PluginManager:220 - loadIPPluginJar : add ddr_ctrl_phy
2026-04-01 12:32:26,355 [INFO] IPUIPlugin:80 - create IPUIPlugin
2026-04-01 12:32:26,355 [INFO] PluginManager:220 - loadIPPluginJar : add dfsdm
2026-04-01 12:32:26,360 [INFO] IPUIPlugin:80 - create IPUIPlugin
2026-04-01 12:32:26,361 [INFO] PluginManager:220 - loadIPPluginJar : add dma
2026-04-01 12:32:26,363 [INFO] IPUIPlugin:80 - create IPUIPlugin
2026-04-01 12:32:26,363 [INFO] PluginManager:220 - loadIPPluginJar : add dma3
2026-04-01 12:32:26,366 [INFO] IPUIPlugin:80 - create IPUIPlugin
2026-04-01 12:32:26,366 [INFO] PluginManager:220 - loadIPPluginJar : add extmemmanager
2026-04-01 12:32:26,366 [INFO] IPUIPlugin:80 - create IPUIPlugin
2026-04-01 12:32:26,366 [INFO] PluginManager:220 - loadIPPluginJar : add fatfs
2026-04-01 12:32:26,372 [INFO] IPUIPlugin:80 - create IPUIPlugin
2026-04-01 12:32:26,372 [INFO] PluginManager:220 - loadIPPluginJar : add fmc
2026-04-01 12:32:26,378 [INFO] IPUIPlugin:80 - create IPUIPlugin
2026-04-01 12:32:26,378 [INFO] PluginManager:220 - loadIPPluginJar : add freertos
2026-04-01 12:32:26,379 [INFO] IPUIPlugin:80 - create IPUIPlugin
2026-04-01 12:32:26,379 [INFO] PluginManager:220 - loadIPPluginJar : add genericplugin
2026-04-01 12:32:26,381 [INFO] IPUIPlugin:80 - create IPUIPlugin
2026-04-01 12:32:26,381 [INFO] PluginManager:220 - loadIPPluginJar : add gfxmmu
2026-04-01 12:32:26,386 [INFO] IPUIPlugin:80 - create IPUIPlugin
2026-04-01 12:32:26,386 [INFO] PluginManager:220 - loadIPPluginJar : add gic
2026-04-01 12:32:26,390 [INFO] IPUIPlugin:80 - create IPUIPlugin
2026-04-01 12:32:26,390 [INFO] PluginManager:220 - loadIPPluginJar : add gpio
2026-04-01 12:32:26,391 [INFO] IPUIPlugin:80 - create IPUIPlugin
2026-04-01 12:32:26,391 [INFO] PluginManager:220 - loadIPPluginJar : add gtzc
2026-04-01 12:32:26,393 [INFO] IPUIPlugin:80 - create IPUIPlugin
2026-04-01 12:32:26,393 [INFO] PluginManager:220 - loadIPPluginJar : add hash
2026-04-01 12:32:26,395 [INFO] IPUIPlugin:80 - create IPUIPlugin
2026-04-01 12:32:26,395 [INFO] PluginManager:220 - loadIPPluginJar : add i2c
2026-04-01 12:32:26,397 [INFO] IPUIPlugin:80 - create IPUIPlugin
2026-04-01 12:32:26,397 [INFO] PluginManager:220 - loadIPPluginJar : add i2s
2026-04-01 12:32:26,400 [INFO] IPUIPlugin:80 - create IPUIPlugin
2026-04-01 12:32:26,400 [INFO] PluginManager:220 - loadIPPluginJar : add i3c
2026-04-01 12:32:26,403 [INFO] IPUIPlugin:80 - create IPUIPlugin
2026-04-01 12:32:26,403 [INFO] PluginManager:220 - loadIPPluginJar : add ipddr
2026-04-01 12:32:26,409 [INFO] IPUIPlugin:80 - create IPUIPlugin
2026-04-01 12:32:26,409 [INFO] PluginManager:220 - loadIPPluginJar : add linkedlist
2026-04-01 12:32:26,413 [INFO] IPUIPlugin:80 - create IPUIPlugin
2026-04-01 12:32:26,413 [INFO] PluginManager:220 - loadIPPluginJar : add lorawan
2026-04-01 12:32:26,414 [INFO] IPUIPlugin:80 - create IPUIPlugin
2026-04-01 12:32:26,414 [INFO] PluginManager:220 - loadIPPluginJar : add ltdc
2026-04-01 12:32:26,420 [INFO] IPUIPlugin:80 - create IPUIPlugin
2026-04-01 12:32:26,420 [INFO] PluginManager:220 - loadIPPluginJar : add mdma
2026-04-01 12:32:26,424 [INFO] IPUIPlugin:80 - create IPUIPlugin
2026-04-01 12:32:26,424 [INFO] PluginManager:220 - loadIPPluginJar : add nvic
2026-04-01 12:32:26,427 [INFO] IPUIPlugin:80 - create IPUIPlugin
2026-04-01 12:32:26,428 [INFO] PluginManager:220 - loadIPPluginJar : add opamp
2026-04-01 12:32:26,432 [INFO] IPUIPlugin:80 - create IPUIPlugin
2026-04-01 12:32:26,432 [INFO] PluginManager:220 - loadIPPluginJar : add openamp
2026-04-01 12:32:26,435 [INFO] IPUIPlugin:80 - create IPUIPlugin
2026-04-01 12:32:26,435 [INFO] PluginManager:220 - loadIPPluginJar : add pdm2pcm
2026-04-01 12:32:26,441 [INFO] IPUIPlugin:80 - create IPUIPlugin
2026-04-01 12:32:26,444 [INFO] PluginManager:220 - loadIPPluginJar : add plateformsettings
2026-04-01 12:32:26,445 [INFO] IPUIPlugin:80 - create IPUIPlugin
2026-04-01 12:32:26,445 [INFO] PluginManager:220 - loadIPPluginJar : add quadspi
2026-04-01 12:32:26,446 [INFO] IPUIPlugin:80 - create IPUIPlugin
2026-04-01 12:32:26,448 [INFO] PluginManager:220 - loadIPPluginJar : add radio
2026-04-01 12:32:26,450 [INFO] IPUIPlugin:80 - create IPUIPlugin
2026-04-01 12:32:26,450 [INFO] PluginManager:220 - loadIPPluginJar : add resmgrutility
2026-04-01 12:32:26,453 [INFO] IPUIPlugin:80 - create IPUIPlugin
2026-04-01 12:32:26,453 [INFO] PluginManager:220 - loadIPPluginJar : add sai
2026-04-01 12:32:26,456 [INFO] IPUIPlugin:80 - create IPUIPlugin
2026-04-01 12:32:26,456 [INFO] PluginManager:220 - loadIPPluginJar : add spi
2026-04-01 12:32:26,462 [INFO] IPUIPlugin:80 - create IPUIPlugin
2026-04-01 12:32:26,462 [INFO] PluginManager:220 - loadIPPluginJar : add stm32_wpan
2026-04-01 12:32:26,464 [INFO] IPUIPlugin:80 - create IPUIPlugin
2026-04-01 12:32:26,464 [INFO] PluginManager:220 - loadIPPluginJar : add tim
2026-04-01 12:32:26,467 [INFO] IPUIPlugin:80 - create IPUIPlugin
2026-04-01 12:32:26,467 [INFO] PluginManager:220 - loadIPPluginJar : add touchsensing
2026-04-01 12:32:26,469 [INFO] IPUIPlugin:80 - create IPUIPlugin
2026-04-01 12:32:26,469 [INFO] PluginManager:220 - loadIPPluginJar : add tracer_emb
2026-04-01 12:32:26,471 [INFO] IPUIPlugin:80 - create IPUIPlugin
2026-04-01 12:32:26,471 [INFO] PluginManager:220 - loadIPPluginJar : add ts
2026-04-01 12:32:26,472 [INFO] IPUIPlugin:80 - create IPUIPlugin
2026-04-01 12:32:26,472 [INFO] PluginManager:220 - loadIPPluginJar : add tsc
2026-04-01 12:32:26,474 [INFO] IPUIPlugin:80 - create IPUIPlugin
2026-04-01 12:32:26,474 [INFO] PluginManager:220 - loadIPPluginJar : add ucpd
2026-04-01 12:32:26,476 [INFO] IPUIPlugin:80 - create IPUIPlugin
2026-04-01 12:32:26,476 [INFO] PluginManager:220 - loadIPPluginJar : add usart
2026-04-01 12:32:26,479 [INFO] IPUIPlugin:80 - create IPUIPlugin
2026-04-01 12:32:26,479 [INFO] PluginManager:220 - loadIPPluginJar : add usbx
2026-04-01 12:32:26,602 [FATAL] Updater:351 - Updater called before beeing initialized
2026-04-01 12:32:26,626 [INFO] RulesReader:64 - Compatibility file has been processed (317 Rules)
2026-04-01 12:32:26,640 [INFO] RulesReader:64 - Compatibility file has been processed (317 Rules)
2026-04-01 12:32:26,652 [INFO] CADModel:165 - CPN selected for project level
2026-04-01 12:32:26,652 [INFO] CADModel:114 - Register for checkConnection events
2026-04-01 12:32:26,653 [FATAL] Updater:351 - Updater called before beeing initialized
2026-04-01 12:32:26,653 [ERROR] CADModel:125 - Updater not yet initialized, retry later 
2026-04-01 12:32:26,806 [FATAL] Updater:351 - Updater called before beeing initialized
2026-04-01 12:32:26,809 [INFO] CADModel:165 - CPN selected for project level
2026-04-01 12:32:26,809 [INFO] CADModel:114 - Register for checkConnection events
2026-04-01 12:32:26,809 [FATAL] Updater:351 - Updater called before beeing initialized
2026-04-01 12:32:26,810 [ERROR] CADModel:125 - Updater not yet initialized, retry later 
2026-04-01 12:32:26,815 [FATAL] Updater:351 - Updater called before beeing initialized
2026-04-01 12:32:26,916 [FATAL] Updater:351 - Updater called before beeing initialized
2026-04-01 12:32:26,920 [INFO] DbMcusAds:53 - JSON generation date=Thu Mar 05 16:32:52 EET 2026 (1772721172890)
2026-04-01 12:32:26,921 [FATAL] Updater:351 - Updater called before beeing initialized
2026-04-01 12:32:26,950 [WARN] DetailPanel:346 - Failed to get advertising image, set to default
2026-04-01 12:32:27,037 [FATAL] Updater:351 - Updater called before beeing initialized
2026-04-01 12:32:27,039 [FATAL] Updater:351 - Updater called before beeing initialized
2026-04-01 12:32:27,039 [FATAL] Updater:351 - Updater called before beeing initialized
2026-04-01 12:32:27,039 [WARN] DetailPanel:346 - Failed to get advertising image, set to default
2026-04-01 12:32:27,040 [FATAL] Updater:351 - Updater called before beeing initialized
2026-04-01 12:32:27,082 [ERROR] Updater:1198 - MainUpdater not yet initialized. External WinMGr cannot be set.
2026-04-01 12:32:27,084 [INFO] Updater:1134 - Updater Version found : 6.15.0
2026-04-01 12:32:27,099 [INFO] ApplicationProperties:184 - Using Application install path: C:\ST\STM32CubeIDE_1.19.0\STM32CubeIDE\plugins\com.st.stm32cube.common.mx_6.15.0.202507011659
2026-04-01 12:32:28,666 [ERROR] LogOutputStream:75 - [STDERR_REDIRECT] Apr 01, 2026 12:32:28 PM java.util.prefs.WindowsPreferences <init>
2026-04-01 12:32:28,668 [ERROR] LogOutputStream:75 - [STDERR_REDIRECT] WARNING: Could not open/create prefs root node Software\JavaSoft\Prefs at root 0xffffffff80000002. Windows RegCreateKeyEx(...) returned error code 5.
2026-04-01 12:32:28,668 [ERROR] LogOutputStream:75 - [STDERR_REDIRECT] 
2026-04-01 12:32:28,875 [INFO] ThirdPartyUpdaterWithRetryManager:70 - Updater plugin not ready yet. [2/15]
2026-04-01 12:32:29,104 [INFO] MainUpdater:2872 - connection check result : 10
2026-04-01 12:32:29,105 [INFO] MainUpdater:289 - Updater Check For Update Now.
2026-04-01 12:32:29,105 [INFO] MicroXplorer:498 - Change Database Version : DB.6.0.150
2026-04-01 12:32:29,121 [INFO] McuFinderGlobals:63 - Set McuFinder mode to 2 (CubeIDE integrated)
2026-04-01 12:32:29,121 [INFO] UserAuth:487 - Internet connection configuration mode: 1
2026-04-01 12:32:29,162 [INFO] JxBrowserEngine:152 - Initiate JxBrowser Engine with user profile folder
2026-04-01 12:32:29,298 [INFO] CheckServerUpdateThread:120 - End of CheckServer Thread
2026-04-01 12:32:29,952 [INFO] WebApp:169 - Instantiating new browser for Auth
2026-04-01 12:32:30,596 [INFO] WebApp:463 - Apply proxy settings
2026-04-01 12:32:30,596 [INFO] WebApp:548 - Chromium requires no authentication
2026-04-01 12:32:30,603 [INFO] WebApp:491 - Direct internet connection detected
2026-04-01 12:32:30,618 [INFO] WebApp:900 - Register for checkConnection events
2026-04-01 12:32:30,618 [INFO] WebApp:463 - Apply proxy settings
2026-04-01 12:32:30,618 [INFO] WebApp:548 - Chromium requires no authentication
2026-04-01 12:32:30,619 [INFO] WebApp:491 - Direct internet connection detected
2026-04-01 12:32:30,772 [INFO] WebApp:225 - Starting web application
2026-04-01 12:32:30,773 [INFO] WebApp:593 - Web application path used C:\ST\STM32CubeIDE_1.19.0\STM32CubeIDE\plugins\com.st.stm32cube.common.mx_6.15.0.202507011659\db\plugins\mcufinder\reactClient1\index.html
2026-04-01 12:32:30,823 [INFO] WebApp:191 - Connection restablished
2026-04-01 12:32:30,896 [INFO] UserAuth:487 - Internet connection configuration mode: 1
2026-04-01 12:32:32,166 [WARN] PackLoader:240 - Cannot read IP mode file for STMicroelectronics.X-CUBE-AZRTOS-H7.3.5.0
2026-04-01 12:32:32,177 [WARN] PackLoader:240 - Cannot read IP mode file for STMicroelectronics.FP-SNS-MOTENVWB1.1.4.0
2026-04-01 12:32:32,185 [WARN] PackLoader:240 - Cannot read IP mode file for STMicroelectronics.FP-ATR-ASTRA1.2.0.2
2026-04-01 12:32:32,194 [WARN] PackLoader:240 - Cannot read IP mode file for STMicroelectronics.X-CUBE-SMBUS.2.1.0
2026-04-01 12:32:32,214 [WARN] PackLoader:240 - Cannot read IP mode file for STMicroelectronics.X-CUBE-AZRTOS-F7.1.1.0
2026-04-01 12:32:32,221 [WARN] PackLoader:240 - Cannot read IP mode file for Cesanta.I-CUBE-Mongoose.7.19.0
2026-04-01 12:32:32,226 [WARN] PackLoader:240 - Cannot read IP mode file for STMicroelectronics.FP-SNS-MOTENV1.4.3.2
2026-04-01 12:32:32,234 [WARN] PackLoader:240 - Cannot read IP mode file for STMicroelectronics.X-CUBE-BLE1.6.2.4
2026-04-01 12:32:32,238 [WARN] PackLoader:240 - Cannot read IP mode file for STMicroelectronics.FP-SNS-MOTENV1.5.1.0
2026-04-01 12:32:32,241 [WARN] PackLoader:240 - Cannot read IP mode file for STMicroelectronics.FP-SNS-FLIGHT1.5.0.2
2026-04-01 12:32:32,260 [WARN] PackLoader:240 - Cannot read IP mode file for Infineon.AIROC-Wi-Fi-Bluetooth-STM32.1.7.1
2026-04-01 12:32:32,280 [WARN] PackLoader:240 - Cannot read IP mode file for STMicroelectronics.X-CUBE-AZRTOS-H7.3.4.0
2026-04-01 12:32:32,289 [WARN] PackLoader:240 - Cannot read IP mode file for STMicroelectronics.X-CUBE-DISPLAY.3.0.0
2026-04-01 12:32:32,295 [WARN] PackLoader:240 - Cannot read IP mode file for STMicroelectronics.FP-SNS-MOTENVWB1.1.5.0
2026-04-01 12:32:32,298 [WARN] PackLoader:240 - Cannot read IP mode file for STMicroelectronics.X-CUBE-BLE1.7.0.0
2026-04-01 12:32:32,303 [WARN] PackLoader:240 - Cannot read IP mode file for STMicroelectronics.X-CUBE-NFC10.1.0.0
2026-04-01 12:32:32,309 [WARN] PackLoader:240 - Cannot read IP mode file for STMicroelectronics.X-CUBE-ST60.1.1.0
2026-04-01 12:32:32,314 [WARN] PackLoader:240 - Cannot read IP mode file for emotas.I-CUBE-CANOPEN.1.3.0
2026-04-01 12:32:32,318 [WARN] PackLoader:240 - Cannot read IP mode file for STMicroelectronics.X-CUBE-TOUCHGFX.4.22.0
2026-04-01 12:32:32,322 [WARN] PackLoader:240 - Cannot read IP mode file for STMicroelectronics.X-CUBE-GNSS1.7.1.0
2026-04-01 12:32:32,329 [WARN] PackLoader:240 - Cannot read IP mode file for STMicroelectronics.FP-SNS-STBOX1.2.1.0
2026-04-01 12:32:32,335 [WARN] PackLoader:240 - Cannot read IP mode file for STMicroelectronics.FP-SNS-SMARTAG2.1.2.0
2026-04-01 12:32:32,338 [WARN] PackLoader:240 - Cannot read IP mode file for STMicroelectronics.FP-SNS-FLIGHT1.5.1.0
2026-04-01 12:32:32,346 [INFO] LogOutputStream:77 - [STDOUT_REDIRECT] 1 : Invalid condition id : UX_CORESTACK_Condition cause : null
2026-04-01 12:32:32,347 [INFO] LogOutputStream:77 - [STDOUT_REDIRECT] 1 : Invalid condition id : UX_CORESTACK_Condition cause : null
2026-04-01 12:32:32,348 [INFO] LogOutputStream:77 - [STDOUT_REDIRECT] 1 : Invalid condition id : UX_CORESTACK_Condition cause : null
2026-04-01 12:32:32,350 [INFO] LogOutputStream:77 - [STDOUT_REDIRECT] 1 : Invalid condition id : UX_CORESTACK_Condition cause : null
2026-04-01 12:32:32,351 [INFO] LogOutputStream:77 - [STDOUT_REDIRECT] 1 : Invalid condition id : UX_CORESTACK_Condition cause : null
2026-04-01 12:32:32,353 [WARN] PackLoader:240 - Cannot read IP mode file for STMicroelectronics.X-CUBE-AZRTOS-WL.2.0.0
2026-04-01 12:32:32,366 [WARN] PackLoader:240 - Cannot read IP mode file for STMicroelectronics.X-CUBE-AZRTOS-H7RS.1.2.0
2026-04-01 12:32:32,382 [WARN] PackLoader:240 - Cannot read IP mode file for WES.I-CUBE-Cesium.1.3.0
2026-04-01 12:32:32,387 [WARN] PackLoader:240 - Cannot read IP mode file for STMicroelectronics.X-CUBE-BLE2.3.3.0
2026-04-01 12:32:32,439 [WARN] PackLoader:240 - Cannot read IP mode file for STMicroelectronics.X-CUBE-NFC9.1.0.0
2026-04-01 12:32:32,448 [WARN] PackLoader:240 - Cannot read IP mode file for STMicroelectronics.X-CUBE-BLE1.7.1.0
2026-04-01 12:32:32,454 [WARN] PackLoader:240 - Cannot read IP mode file for wolfSSL.I-CUBE-wolfMQTT.1.19.2
2026-04-01 12:32:32,460 [WARN] PackLoader:240 - Cannot read IP mode file for STMicroelectronics.X-CUBE-FREERTOS.1.4.0
2026-04-01 12:32:32,468 [WARN] PackLoader:240 - Cannot read IP mode file for STMicroelectronics.X-CUBE-EEPRMA1.5.2.0
2026-04-01 12:32:32,474 [WARN] PackLoader:240 - Cannot read IP mode file for STMicroelectronics.X-CUBE-ST67W61.1.1.0
2026-04-01 12:32:32,520 [WARN] PackLoader:240 - Cannot read IP mode file for STMicroelectronics.X-CUBE-MEMS1.12.0.0
2026-04-01 12:32:32,589 [WARN] PackLoader:240 - Cannot read IP mode file for STMicroelectronics.X-CUBE-ALGOBUILD.1.3.0
2026-04-01 12:32:32,602 [WARN] PackLoader:240 - Cannot read IP mode file for STMicroelectronics.X-CUBE-AZRTOS-G0.1.1.0
2026-04-01 12:32:32,610 [WARN] PackLoader:240 - Cannot read IP mode file for STMicroelectronics.X-CUBE-NFC4.3.0.0
2026-04-01 12:32:32,620 [WARN] PackLoader:240 - Cannot read IP mode file for EmbeddedOffice.I-CUBE-FS-RTOS.1.0.1
2026-04-01 12:32:32,630 [WARN] PackLoader:240 - Cannot read IP mode file for STMicroelectronics.X-CUBE-WB05N.2.0.0
2026-04-01 12:32:32,635 [WARN] PackLoader:240 - Cannot read IP mode file for wolfSSL.I-CUBE-wolfTPM.3.8.0
2026-04-01 12:32:32,639 [WARN] PackLoader:240 - Cannot read IP mode file for STMicroelectronics.X-CUBE-TCPP.4.2.0
2026-04-01 12:32:32,648 [WARN] PackLoader:240 - Cannot read IP mode file for RealThread.X-CUBE-RT-Thread_Nano.4.1.1
2026-04-01 12:32:32,654 [WARN] PackLoader:240 - Cannot read IP mode file for STMicroelectronics.FP-ATR-SIGFOX1.3.2.0
2026-04-01 12:32:32,662 [WARN] PackLoader:240 - Cannot read IP mode file for STMicroelectronics.X-CUBE-FREERTOS.1.5.0
2026-04-01 12:32:32,671 [WARN] PackLoader:240 - Cannot read IP mode file for ITTIA_DB.I-CUBE-ITTIADB.8.9.0
2026-04-01 12:32:32,678 [WARN] PackLoader:240 - Cannot read IP mode file for STMicroelectronics.X-CUBE-NFC6.3.2.0
2026-04-01 12:32:32,684 [WARN] PackLoader:240 - Cannot read IP mode file for STMicroelectronics.X-CUBE-AI.10.2.0
2026-04-01 12:32:32,706 [WARN] PackLoader:240 - Cannot read IP mode file for SEGGER.I-CUBE-embOS.1.3.1
2026-04-01 12:32:32,740 [WARN] PackLoader:240 - Cannot read IP mode file for STMicroelectronics.X-CUBE-ALGOBUILD.1.4.0
2026-04-01 12:32:32,775 [WARN] PackLoader:240 - Cannot read IP mode file for STMicroelectronics.X-CUBE-MEMS1.11.3.0
2026-04-01 12:32:32,866 [WARN] PackLoader:240 - Cannot read IP mode file for STMicroelectronics.X-CUBE-PM33A1.1.0.0
2026-04-01 12:32:32,870 [WARN] PackLoader:240 - Cannot read IP mode file for STMicroelectronics.X-CUBE-GNSS1.6.0.0
2026-04-01 12:32:32,882 [WARN] PackLoader:240 - Cannot read IP mode file for STMicroelectronics.X-CUBE-AZRTOS-F4.1.1.0
2026-04-01 12:32:32,889 [WARN] PackLoader:240 - Cannot read IP mode file for wolfSSL.I-CUBE-wolfSSL.5.6.3
2026-04-01 12:32:32,893 [WARN] PackLoader:240 - Cannot read IP mode file for STMicroelectronics.X-CUBE-ISPU.2.1.0
2026-04-01 12:32:32,902 [WARN] PackLoader:240 - Cannot read IP mode file for STMicroelectronics.X-CUBE-IPS.3.2.0
2026-04-01 12:32:32,912 [WARN] PackLoader:240 - Cannot read IP mode file for STMicroelectronics.X-CUBE-NFC12.1.0.0
2026-04-01 12:32:32,926 [WARN] PackLoader:240 - Cannot read IP mode file for STMicroelectronics.X-CUBE-AZRTOS-L5.2.0.0
2026-04-01 12:32:32,959 [WARN] PackLoader:240 - Cannot read IP mode file for STMicroelectronics.X-CUBE-MEMS1.9.6.0
2026-04-01 12:32:33,085 [WARN] PackLoader:240 - Cannot read IP mode file for STMicroelectronics.X-CUBE-NFC6.3.1.0
2026-04-01 12:32:33,094 [WARN] PackLoader:240 - Cannot read IP mode file for STMicroelectronics.X-CUBE-BLEMGR.2.0.0
2026-04-01 12:32:33,107 [WARN] ConditionMgr:438 - getConditionDescription Invalid condition id : UX DEVICE CLASS RTOS Condition cause : null
2026-04-01 12:32:33,107 [WARN] ConditionMgr:438 - getConditionDescription Invalid condition id : UX DEVICE CLASS RTOS Condition cause : null
2026-04-01 12:32:33,110 [WARN] PackLoader:240 - Cannot read IP mode file for STMicroelectronics.X-CUBE-AZRTOS-H7.3.1.0
2026-04-01 12:32:33,110 [WARN] ConditionMgr:1044 - genDependencies : Invalid condition id : UX DEVICE CLASS RTOS Condition cause : null
2026-04-01 12:32:33,110 [WARN] ConditionMgr:1044 - genDependencies : Invalid condition id : UX DEVICE CLASS RTOS Condition cause : null
2026-04-01 12:32:33,111 [WARN] ConditionMgr:1044 - genDependencies : Invalid condition id : UX DEVICE CLASS RTOS Condition cause : null
2026-04-01 12:32:33,111 [WARN] ConditionMgr:1044 - genDependencies : Invalid condition id : UX DEVICE CLASS RTOS Condition cause : null
2026-04-01 12:32:33,111 [WARN] ConditionMgr:1044 - genDependencies : Invalid condition id : UX DEVICE CLASS RTOS Condition cause : null
2026-04-01 12:32:33,120 [WARN] PackLoader:240 - Cannot read IP mode file for STMicroelectronics.X-CUBE-FREERTOS.1.3.1
2026-04-01 12:32:33,126 [WARN] PackLoader:240 - Cannot read IP mode file for STMicroelectronics.X-CUBE-NFC7.1.0.1
2026-04-01 12:32:33,129 [WARN] PackLoader:240 - Cannot read IP mode file for STMicroelectronics.X-CUBE-TOUCHGFX.4.26.0
2026-04-01 12:32:33,132 [WARN] PackLoader:240 - Cannot read IP mode file for STMicroelectronics.X-CUBE-TOUCHGFX.4.26.1
2026-04-01 12:32:33,136 [WARN] PackLoader:240 - Cannot read IP mode file for STMicroelectronics.X-CUBE-EEPRMA1.4.1.0
2026-04-01 12:32:33,143 [WARN] PackLoader:240 - Cannot read IP mode file for STMicroelectronics.FP-SNS-STAIOTCFT.1.0.0
2026-04-01 12:32:33,147 [WARN] PackLoader:240 - Cannot read IP mode file for STMicroelectronics.X-CUBE-DPower.1.3.0
2026-04-01 12:32:33,150 [WARN] PackLoader:240 - Cannot read IP mode file for STMicroelectronics.X-CUBE-AI.8.1.0
2026-04-01 12:32:33,162 [WARN] ConditionMgr:438 - getConditionDescription Invalid condition id : LAN8742 Phy interface Condition cause : null
2026-04-01 12:32:33,162 [WARN] PackLoader:240 - Cannot read IP mode file for STMicroelectronics.X-CUBE-AZRTOS-L4.2.0.0
2026-04-01 12:32:33,163 [WARN] ConditionMgr:1044 - genDependencies : Invalid condition id : LAN8742 Phy interface Condition cause : null
2026-04-01 12:32:33,163 [WARN] ConditionMgr:1044 - genDependencies : Invalid condition id : LAN8742 Phy interface Condition cause : null
2026-04-01 12:32:33,164 [WARN] ConditionMgr:1044 - genDependencies : Invalid condition id : LAN8742 Phy interface Condition cause : null
2026-04-01 12:32:33,170 [WARN] PackLoader:240 - Cannot read IP mode file for STMicroelectronics.X-CUBE-SFXS2LP1.4.0.0
2026-04-01 12:32:33,176 [WARN] PackLoader:240 - Cannot read IP mode file for STMicroelectronics.X-CUBE-ST67W61.1.2.0
2026-04-01 12:32:33,180 [WARN] PackLoader:240 - Cannot read IP mode file for STMicroelectronics.X-CUBE-ISPU.1.1.0
2026-04-01 12:32:33,186 [WARN] PackLoader:240 - Cannot read IP mode file for STMicroelectronics.X-CUBE-BLEMGR.4.1.0
2026-04-01 12:32:33,198 [WARN] ConditionMgr:438 - getConditionDescription Invalid condition id : UX DEVICE CLASS RTOS Condition cause : null
2026-04-01 12:32:33,198 [WARN] ConditionMgr:438 - getConditionDescription Invalid condition id : UX DEVICE CLASS RTOS Condition cause : null
2026-04-01 12:32:33,200 [WARN] PackLoader:240 - Cannot read IP mode file for STMicroelectronics.X-CUBE-AZRTOS-WB.2.0.0
2026-04-01 12:32:33,200 [WARN] ConditionMgr:1044 - genDependencies : Invalid condition id : UX DEVICE CLASS RTOS Condition cause : null
2026-04-01 12:32:33,200 [WARN] ConditionMgr:1044 - genDependencies : Invalid condition id : UX DEVICE CLASS RTOS Condition cause : null
2026-04-01 12:32:33,200 [WARN] ConditionMgr:1044 - genDependencies : Invalid condition id : UX DEVICE CLASS RTOS Condition cause : null
2026-04-01 12:32:33,200 [WARN] ConditionMgr:1044 - genDependencies : Invalid condition id : UX DEVICE CLASS RTOS Condition cause : null
2026-04-01 12:32:33,200 [WARN] ConditionMgr:1044 - genDependencies : Invalid condition id : UX DEVICE CLASS RTOS Condition cause : null
2026-04-01 12:32:33,204 [WARN] PackLoader:240 - Cannot read IP mode file for STMicroelectronics.X-CUBE-FREERTOS.1.0.1
2026-04-01 12:32:33,208 [WARN] ConditionMgr:438 - getConditionDescription Invalid condition id : Cortex-A Device cause : null
2026-04-01 12:32:33,217 [WARN] ConditionMgr:1044 - genDependencies : Invalid condition id : Cortex-A Device cause : null
2026-04-01 12:32:33,218 [WARN] ConditionMgr:1044 - genDependencies : Invalid condition id : Cortex-A Device cause : null
2026-04-01 12:32:33,218 [WARN] ConditionMgr:1044 - genDependencies : Invalid condition id : Cortex-A Device cause : null
2026-04-01 12:32:33,228 [WARN] PackLoader:240 - Cannot read IP mode file for STMicroelectronics.X-CUBE-STSE01.2.0.0
2026-04-01 12:32:33,243 [WARN] PackLoader:240 - Cannot read IP mode file for STMicroelectronics.X-CUBE-AZRTOS-L5.1.1.0
2026-04-01 12:32:33,248 [WARN] PackLoader:240 - Cannot read IP mode file for STMicroelectronics.X-CUBE-AI.8.0.1
2026-04-01 12:32:33,257 [WARN] PackLoader:240 - Cannot read IP mode file for STMicroelectronics.X-CUBE-SUBG2.5.0.0
2026-04-01 12:32:33,282 [WARN] PackLoader:240 - Cannot read IP mode file for STMicroelectronics.X-CUBE-AZRTOS-H7RS.1.1.0
2026-04-01 12:32:33,291 [WARN] PackLoader:240 - Cannot read IP mode file for STMicroelectronics.X-CUBE-TOF1.3.3.1
2026-04-01 12:32:33,305 [WARN] PackLoader:240 - Cannot read IP mode file for STMicroelectronics.X-CUBE-AZRTOS-G4.2.0.0
2026-04-01 12:32:33,311 [WARN] PackLoader:240 - Cannot read IP mode file for wolfSSL.I-CUBE-wolfSSH.1.4.20
2026-04-01 12:32:33,316 [WARN] PackLoader:240 - Cannot read IP mode file for STMicroelectronics.X-CUBE-NFC7.2.0.0
2026-04-01 12:32:33,322 [WARN] PackLoader:240 - Cannot read IP mode file for STMicroelectronics.X-CUBE-ALS.1.0.2
2026-04-01 12:32:33,329 [WARN] PackLoader:240 - Cannot read IP mode file for STMicroelectronics.X-CUBE-STSE01.1.0.0
2026-04-01 12:32:33,338 [WARN] PackLoader:240 - Cannot read IP mode file for portGmbH.I-Cube-SoM-uGOAL.1.1.0
2026-04-01 12:32:33,342 [WARN] PackLoader:240 - Cannot read IP mode file for STMicroelectronics.X-CUBE-ALS.1.0.1
2026-04-01 12:32:33,356 [WARN] PackLoader:240 - Cannot read IP mode file for STMicroelectronics.X-CUBE-AZRTOS-WB.1.1.0
2026-04-01 12:32:33,361 [WARN] PackLoader:240 - Cannot read IP mode file for STMicroelectronics.FP-ATR-ASTRA1.2.0.0
2026-04-01 12:32:33,370 [WARN] PackLoader:240 - Cannot read IP mode file for STMicroelectronics.X-CUBE-TOF1.3.4.3
2026-04-01 12:32:33,379 [INFO] ThirdParty:978 - Integrity check success = true
2026-04-01 12:32:33,380 [INFO] IntegrityCheckThread:100 - exiting critical section [integrity check]
2026-04-01 12:32:33,380 [INFO] IntegrityCheckThread:103 - End integrity checks thread
2026-04-01 13:00:23,198 [INFO] McuFinderGlobals:63 - Set McuFinder mode to 2 (CubeIDE integrated)
2026-04-01 13:00:23,201 [INFO] MainUpdater:2872 - connection check result : 10
2026-04-01 13:00:23,589 [INFO] ApiDb:581 - Connected to CubeFinder SQLite database (C:\Users\maxta\.stmcufinder\plugins\mcufinder\mcu\cube-finder-db.db)
2026-04-01 13:00:23,676 [INFO] ApiDb:668 - CubeFinder database Data Model version=2.1
2026-04-01 13:00:23,677 [INFO] ApiDb:669 - CubeFinder database Configuration version=3.0.42
2026-04-01 13:00:23,677 [INFO] ApiDb:670 - CubeFinder database generation date=2026-03-11 (1773229989)
2026-04-01 13:00:23,678 [INFO] ApiDb:671 - CubeFinder database FW Pack versions=[FP-ATR-ASTRA1_V2.0.0, FP-SNS-FLIGHT1_V5.1.0, FP-SNS-MOTENV1_V5.1.0, FP-SNS-MOTENVWB1_V1.5.0, FP-SNS-SMARTAG2_V1.2.0, FP-SNS-STBOX1_V2.1.0, STM32Cube_FW_C0_V1.4.0, STM32Cube_FW_F4_V1.28.3, STM32Cube_FW_F7_V1.17.4, STM32Cube_FW_G0_V1.6.3, STM32Cube_FW_G4_V1.6.2, STM32Cube_FW_H5_V1.6.0, STM32Cube_FW_H7RS_V1.3.0, STM32Cube_FW_H7_V1.13.0, STM32Cube_FW_L0_V1.12.2, STM32Cube_FW_L4_V1.18.2, STM32Cube_FW_L5_V1.6.0, STM32Cube_FW_N6_V1.3.0, STM32Cube_FW_U0_V1.3.0, STM32Cube_FW_U3_V1.3.0, STM32Cube_FW_U5_V1.8.0, STM32Cube_FW_WB0_V1.4.0, STM32Cube_FW_WBA_V1.9.0, STM32Cube_FW_WB_V1.24.0, STM32Cube_FW_WL3_V1.4.0, STM32Cube_FW_WL_V1.5.0, X-CUBE-ALGOBUILD_V1.4.0, X-CUBE-ALS_V1.0.2, X-CUBE-AZRTOS-F4_V1.1.0, X-CUBE-AZRTOS-F7_V1.1.0, X-CUBE-AZRTOS-G0_V1.1.0, X-CUBE-AZRTOS-G4_V2.0.0, X-CUBE-AZRTOS-H7RS_V1.1.0, X-CUBE-AZRTOS-H7_V3.4.0, X-CUBE-AZRTOS-L4_V2.0.0, X-CUBE-AZRTOS-L5_V2.0.0, X-CUBE-AZRTOS-WB_V2.0.0, X-CUBE-AZRTOS-WL_V2.0.0, X-CUBE-BLE1_V7.1.0, X-CUBE-BLE2_V3.3.0, X-CUBE-BLEMGR_V4.1.0, X-CUBE-EEPRMA1_V5.2.0, X-CUBE-FREERTOS_V1.5.0, X-CUBE-GNSS1_V6.0.0, X-CUBE-MEMS1_V12.0.0, X-CUBE-NFC4_V3.0.0, X-CUBE-NFC7_V2.0.0, X-CUBE-SFXS2LP1_V4.0.0, X-CUBE-ST67W61_V1.2.0, X-CUBE-SUBG2_V5.0.0, X-CUBE-TOF1_V3.4.3]
2026-04-01 13:00:25,681 [INFO] ApiDb:240 - Found 880 in-development CPN: [B-G473E-ZEST1S, B-WB1M-WPAN1, B-WBA5M-WPAN, B-WL5M-SUBG1, NUCLEO-C031C6, NUCLEO-C051C8, NUCLEO-C071RB, NUCLEO-C092RC, NUCLEO-H503RB, NUCLEO-H533RE, NUCLEO-H563ZI, NUCLEO-H7S3L8, NUCLEO-N657X0-Q, NUCLEO-U031R8, NUCLEO-U083RC, NUCLEO-U385RG-Q, NUCLEO-U545RE-Q, NUCLEO-U5A5ZJ-Q, NUCLEO-WB05KZ, NUCLEO-WB07CC, NUCLEO-WB09KE, NUCLEO-WBA52CG, NUCLEO-WBA55CG, NUCLEO-WL33CC1, NUCLEO-WL33CC2, STEVAL-PROTEUS1, STEVAL-SMARTAG2, STEVAL-STWINBX1, STM320518-EVAL, STM32C0116-DK, STM32C011D6Y3TR, STM32C011D6Y6TR, STM32C011F4P3, STM32C011F4P6, STM32C011F4U3, STM32C011F4U6TR, STM32C011F6P3, STM32C011F6P6, STM32C011F6U3, STM32C011F6U6TR, STM32C011J4M3, STM32C011J4M6, STM32C011J6M3, STM32C011J6M6, STM32C0316-DK, STM32C031C4T3, STM32C031C4T6, STM32C031C4U3, STM32C031C4U6, STM32C031C6T3, STM32C031C6T6, STM32C031C6U3, STM32C031C6U6, STM32C031F4P3, STM32C031F4P6, STM32C031F6P3, STM32C031F6P6, STM32C031G4U3, STM32C031G4U6, STM32C031G6U3, STM32C031G6U6, STM32C031K4T3, STM32C031K4T6, STM32C031K4U3, STM32C031K4U6, STM32C031K6T3, STM32C031K6T6, STM32C031K6U3, STM32C031K6U6, STM32C051C6T6, STM32C051C6U6, STM32C051C8T6, STM32C051C8U6, STM32C051D8Y6TR, STM32C051F6P6, STM32C051F8P6, STM32C051G6U6, STM32C051G8U6, STM32C051K6T6, STM32C051K6U6, STM32C051K8T6, STM32C071C8T6, STM32C071C8T6N, STM32C071C8U6, STM32C071C8U6N, STM32C071CBT6, STM32C071CBT6N, STM32C071CBU6, STM32C071CBU6N, STM32C071F8P6, STM32C071F8P6N, STM32C071FBP6, STM32C071FBP6N, STM32C071FBY6TR, STM32C071G8U6, STM32C071G8U6N, STM32C071GBU6, STM32C071GBU6N, STM32C071K8T6, STM32C071K8T6N, STM32C071K8U6, STM32C071K8U6N, STM32C071KBT6, STM32C071KBT6N, STM32C071KBU6, STM32C071KBU6N, STM32C071R8T6, STM32C071R8T6N, STM32C071RBI6N, STM32C071RBT6, STM32C071RBT6N, STM32C091CBT6, STM32C091CBU6, STM32C091CCT6, STM32C091CCU6, STM32C091ECY6TR, STM32C091FBP6, STM32C091FCP6, STM32C091GBU6, STM32C091GCU6, STM32C091KBT6, STM32C091KBU6, STM32C091KCT6, STM32C091KCU6, STM32C091RBT6, STM32C091RCI6, STM32C091RCT6, STM32C092CBT6, STM32C092CBU6, STM32C092CCT6, STM32C092CCU6, STM32C092ECY6TR, STM32C092FBP6, STM32C092FCP6, STM32C092GBU6, STM32C092GCU6, STM32C092KBT6, STM32C092KBU6, STM32C092KCT6, STM32C092KCU6, STM32C092RBT6, STM32C092RCI6, STM32C092RCT6, STM32G071K8TXN, STM32G071K8UXN, STM32G081GBU6N, STM32G081KBT6N, STM32G081KBUXN, STM32G0B1CCT6N, STM32G0B1KCT6, STM32G0B1NEY6TR, STM32G0B1RCT6N, STM32G0C1CCT6, STM32G0C1CCT6N, STM32G0C1CCU6N, STM32G0C1CET6N, STM32G0C1CEU6N, STM32G0C1KCT6, STM32G0C1NEY6TR, STM32G0C1RCI6N, STM32G0C1RCT6N, STM32G0C1REI6N, STM32G0C1RET6N, STM32G0C1VCI6, STM32G0C1VEI6, STM32G411C6T3, STM32G411C6T6, STM32G411C6U3, STM32G411C6U6, STM32G411C8T3, STM32G411C8T6, STM32G411C8U3, STM32G411C8U6, STM32G411CBT3, STM32G411CBT6, STM32G411CBU3, STM32G411CBU6, STM32G411K6T3, STM32G411K6T6, STM32G411K6U3, STM32G411K6U6, STM32G411K8T3, STM32G411K8T6, STM32G411K8U3, STM32G411K8U6, STM32G411KBT3, STM32G411KBT6, STM32G411KBU3, STM32G411KBU6, STM32G411M6T3, STM32G411M6T6, STM32G411M8T3, STM32G411M8T6, STM32G411MBT3, STM32G411MBT6, STM32G411R6T3, STM32G411R6T6, STM32G411R8T3, STM32G411R8T6, STM32G411RBT3, STM32G411RBT6, STM32G414CBT3, STM32G414CBT6, STM32G414CBU3, STM32G414CBU6, STM32G414CCT3, STM32G414CCT6, STM32G414CCU3, STM32G414CCU6, STM32G414MBT3, STM32G414MBT6, STM32G414MCT3, STM32G414MCT6, STM32G414RBT3, STM32G414RBT6, STM32G414RCT3, STM32G414RCT6, STM32G414VBT3, STM32G414VBT6, STM32G414VCT3, STM32G414VCT6, STM32G431CBT3Z, STM32G431RBT3Z, STM32G471CCT6, STM32G471CCU6, STM32G471CET3, STM32G471CET6, STM32G471CEU3, STM32G471CEU6, STM32G471MCT6, STM32G471MET3, STM32G471MET6, STM32G471MEY6TR, STM32G471QCT6, STM32G471QET3, STM32G471RCT6, STM32G471RET3, STM32G471RET6, STM32G471VCH6, STM32G471VCI6, STM32G471VCT6, STM32G471VEH3, STM32G471VEH6, STM32G471VEI3, STM32G471VEI6, STM32G471VET3, STM32G471VET6, STM32G473QET3Z, STM32G473RET3Z, STM32G474CCT6, STM32G491RET3Z, STM32H503CBT6, STM32H503CBU6, STM32H503EBY6TR, STM32H503KBU6, STM32H503RBT6, STM32H523CCT6, STM32H523CCU6, STM32H523CET6, STM32H523CEU6, STM32H523HEY6TR, STM32H523RCT6, STM32H523RET6, STM32H523VCI6, STM32H523VCT6, STM32H523VEI6, STM32H523VET6, STM32H523ZCJ6, STM32H523ZCT6, STM32H523ZEJ6, STM32H523ZET6, STM32H533CET6, STM32H533CEU6, STM32H533HEY6TR, STM32H533RET6, STM32H533VEI6, STM32H533VET6, STM32H533ZEJ6, STM32H533ZET6, STM32H562AGI6, STM32H562AII6, STM32H562IGK6, STM32H562IGT6, STM32H562IIK6, STM32H562IIT6, STM32H562RGT6, STM32H562RGV6, STM32H562RIT6, STM32H562RIV6, STM32H562VGT6, STM32H562VIT6, STM32H562ZGT6, STM32H562ZIT6, STM32H563AGI6, STM32H563AII3Q, STM32H563AII6, STM32H563IGK6, STM32H563IGT6, STM32H563IIK3Q, STM32H563IIK6, STM32H563IIT3Q, STM32H563IIT6, STM32H563MIY3QTR, STM32H563RGT6, STM32H563RGV6, STM32H563RIT6, STM32H563RIV6, STM32H563VGT6, STM32H563VIT3Q, STM32H563VIT6, STM32H563ZGT6, STM32H563ZIT3Q, STM32H563ZIT6, STM32H573AII3Q, STM32H573AII6, STM32H573I-DK, STM32H573IIK3Q, STM32H573IIK6, STM32H573IIT3Q, STM32H573IIT6, STM32H573MIY3QTR, STM32H573RIT6, STM32H573RIV6, STM32H573VIT3Q, STM32H573VIT6, STM32H573ZIT3Q, STM32H573ZIT6, STM32H7R3A8I6, STM32H7R3I8K6, STM32H7R3I8T6, STM32H7R3L8H6, STM32H7R3L8H6H, STM32H7R3R8V6, STM32H7R3V8H6, STM32H7R3V8T6, STM32H7R3V8Y6TR, STM32H7R3Z8J6, STM32H7R3Z8T6, STM32H7R7A8I6, STM32H7R7I8K6, STM32H7R7I8T6, STM32H7R7L8H6, STM32H7R7L8H6H, STM32H7R7Z8J6, STM32H7S3A8I6, STM32H7S3I8K6, STM32H7S3I8T6, STM32H7S3L8H6, STM32H7S3L8H6H, STM32H7S3R8V6, STM32H7S3V8H6, STM32H7S3V8T6, STM32H7S3V8Y6TR, STM32H7S3Z8J6, STM32H7S3Z8T6, STM32H7S78-DK, STM32H7S7A8I6, STM32H7S7I8K6, STM32H7S7I8T6, STM32H7S7L8H6, STM32H7S7L8H6H, STM32H7S7Z8J6, STM32L4R5QGI6STR, STM32MP131AAE3, STM32MP131AAF3, STM32MP131AAG3, STM32MP131CAE3, STM32MP131CAF3, STM32MP131CAG3, STM32MP131DAE7, STM32MP131DAF7, STM32MP131DAG7, STM32MP131FAE7, STM32MP131FAF7, STM32MP131FAG7, STM32MP133AAE3, STM32MP133AAF3, STM32MP133AAG3, STM32MP133CAE3, STM32MP133CAF3, STM32MP133CAG3, STM32MP133DAE7, STM32MP133DAF7, STM32MP133DAG7, STM32MP133FAE7, STM32MP133FAF7, STM32MP133FAG7, STM32MP135AAE3, STM32MP135AAF3, STM32MP135AAG3, STM32MP135CAE3, STM32MP135CAF3, STM32MP135CAG3, STM32MP135DAE7, STM32MP135DAF7, STM32MP135DAG7, STM32MP135F-DK, STM32MP135FAE7, STM32MP135FAF7, STM32MP135FAF7T, STM32MP135FAF7U, STM32MP135FAG7, STM32MP211AAL3, STM32MP211AAM3, STM32MP211AAN3, STM32MP211AAO3, STM32MP211CAL3, STM32MP211CAM3, STM32MP211CAN3, STM32MP211CAO3, STM32MP211DAL3, STM32MP211DAM3, STM32MP211DAN3, STM32MP211DAO3, STM32MP211FAL3, STM32MP211FAM3, STM32MP211FAN3, STM32MP211FAO3, STM32MP213AAL3, STM32MP213AAM3, STM32MP213AAN3, STM32MP213AAO3, STM32MP213CAL3, STM32MP213CAM3, STM32MP213CAN3, STM32MP213CAO3, STM32MP213DAL3, STM32MP213DAM3, STM32MP213DAN3, STM32MP213DAO3, STM32MP213FAL3, STM32MP213FAM3, STM32MP213FAN3, STM32MP213FAO3, STM32MP215AAL3, STM32MP215AAM3, STM32MP215AAN3, STM32MP215AAO3, STM32MP215CAL3, STM32MP215CAM3, STM32MP215CAN3, STM32MP215CAO3, STM32MP215DAL3, STM32MP215DAM3, STM32MP215DAN3, STM32MP215DAO3, STM32MP215F-DK, STM32MP215FAL3, STM32MP215FAM3, STM32MP215FAN3, STM32MP215FAO3, STM32MP231AAJ3, STM32MP231AAK3, STM32MP231AAL3, STM32MP231CAJ3, STM32MP231CAK3, STM32MP231CAL3, STM32MP231DAJ3, STM32MP231DAK3, STM32MP231DAL3, STM32MP231FAJ3, STM32MP231FAK3, STM32MP231FAL3, STM32MP233AAJ3, STM32MP233AAK3, STM32MP233AAL3, STM32MP233CAJ3, STM32MP233CAK3, STM32MP233CAL3, STM32MP233DAJ3, STM32MP233DAK3, STM32MP233DAL3, STM32MP233FAJ3, STM32MP233FAK3, STM32MP233FAL3, STM32MP235AAJ3, STM32MP235AAK3, STM32MP235AAL3, STM32MP235CAJ3, STM32MP235CAK3, STM32MP235CAL3, STM32MP235DAJ3, STM32MP235DAK3, STM32MP235DAL3, STM32MP235FAJ3, STM32MP235FAK3, STM32MP235FAL3, STM32MP251AAI3, STM32MP251AAK3, STM32MP251AAL3, STM32MP251CAI3, STM32MP251CAK3, STM32MP251CAL3, STM32MP251DAI3, STM32MP251DAK3, STM32MP251DAL3, STM32MP251FAI3, STM32MP251FAK3, STM32MP251FAL3, STM32MP253AAI3, STM32MP253AAK3, STM32MP253AAL3, STM32MP253CAI3, STM32MP253CAK3, STM32MP253CAL3, STM32MP253DAI3, STM32MP253DAK3, STM32MP253DAL3, STM32MP253FAI3, STM32MP253FAK3, STM32MP253FAL3, STM32MP255AAI3, STM32MP255AAK3, STM32MP255AAL3, STM32MP255CAI3, STM32MP255CAK3, STM32MP255CAL3, STM32MP255DAI3, STM32MP255DAK3, STM32MP255DAL3, STM32MP255FAI3, STM32MP255FAK3, STM32MP255FAL3, STM32MP257AAI3, STM32MP257AAK3, STM32MP257AAL3, STM32MP257CAI3, STM32MP257CAK3, STM32MP257CAL3, STM32MP257DAI3, STM32MP257DAK3, STM32MP257DAL3, STM32MP257F-DK, STM32MP257F-EV1, STM32MP257FAI3, STM32MP257FAK3, STM32MP257FAL3, STM32N645A0H3Q, STM32N645B0H3Q, STM32N645I0H3Q, STM32N645L0H3Q, STM32N645X0H3Q, STM32N645Z0H3Q, STM32N647A0H3Q, STM32N647B0H3Q, STM32N647I0H3Q, STM32N647L0H3Q, STM32N647X0H3Q, STM32N647Z0H3Q, STM32N655A0H3Q, STM32N655B0H3Q, STM32N655I0H3Q, STM32N655L0H3Q, STM32N655X0H3Q, STM32N655Z0H3Q, STM32N6570-DK, STM32N657A0H3Q, STM32N657B0H3Q, STM32N657I0H3Q, STM32N657L0H3Q, STM32N657X0H3Q, STM32N657Z0H3Q, STM32U031C6T6, STM32U031C6U6, STM32U031C8T6, STM32U031C8U6, STM32U031F4P6, STM32U031F6P6, STM32U031F8P6, STM32U031G6Y6TR, STM32U031G8Y6TR, STM32U031K4U6, STM32U031K6U6, STM32U031K8U6, STM32U031R6I6, STM32U031R6T6, STM32U031R8I6, STM32U031R8T6, STM32U073C8T6, STM32U073C8U6, STM32U073CBT6, STM32U073CBU6, STM32U073CCT6, STM32U073CCU6, STM32U073H8Y6TR, STM32U073HBY6TR, STM32U073HCY6TR, STM32U073K8U6, STM32U073KBU6, STM32U073KCU6, STM32U073M8I6, STM32U073M8T6, STM32U073MBI6, STM32U073MBT6, STM32U073MCI6, STM32U073MCT6, STM32U073R8I6, STM32U073R8T6, STM32U073RBI6, STM32U073RBT6, STM32U073RCI6, STM32U073RCT6, STM32U083C-DK, STM32U083CCT6, STM32U083CCU6, STM32U083HCY6TR, STM32U083KCU6, STM32U083MCI6, STM32U083MCT6, STM32U083RCI6, STM32U083RCT6, STM32U375CET6, STM32U375CET6Q, STM32U375CEU6, STM32U375CEU6Q, STM32U375CEY6QTR, STM32U375CGT6, STM32U375CGT6Q, STM32U375CGU6, STM32U375CGU6Q, STM32U375CGY6QTR, STM32U375KEU6, STM32U375KGU6, STM32U375REI6, STM32U375REI6Q, STM32U375RET6, STM32U375RET6Q, STM32U375REY6GTR, STM32U375REY6QTR, STM32U375RGI6, STM32U375RGI6Q, STM32U375RGT6, STM32U375RGT6Q, STM32U375RGY6GTR, STM32U375RGY6QTR, STM32U375VEI6, STM32U375VEI6Q, STM32U375VET6, STM32U375VET6Q, STM32U375VGI6, STM32U375VGI6Q, STM32U375VGT6, STM32U375VGT6Q, STM32U385CGT6, STM32U385CGT6Q, STM32U385CGU6, STM32U385CGU6Q, STM32U385CGY6QTR, STM32U385KGU6, STM32U385RGI6, STM32U385RGI6Q, STM32U385RGT6, STM32U385RGT6Q, STM32U385RGY6GTR, STM32U385RGY6QTR, STM32U385VGI6, STM32U385VGI6Q, STM32U385VGT6, STM32U385VGT6Q, STM32U535CBT6, STM32U535CBT6Q, STM32U535CBU6, STM32U535CBU6Q, STM32U535CCT6, STM32U535CCT6Q, STM32U535CCU6, STM32U535CCU6Q, STM32U535CET6, STM32U535CET6Q, STM32U535CEU6, STM32U535CEU6Q, STM32U535JEY6QTR, STM32U535NCY6QTR, STM32U535NEY6QTR, STM32U535RBI6, STM32U535RBI6Q, STM32U535RBT6, STM32U535RBT6Q, STM32U535RCI6, STM32U535RCI6Q, STM32U535RCT6, STM32U535RCT6Q, STM32U535REI6, STM32U535REI6Q, STM32U535RET6, STM32U535RET6Q, STM32U535VCI6, STM32U535VCI6Q, STM32U535VCT6, STM32U535VCT6Q, STM32U535VEI6, STM32U535VEI6Q, STM32U535VET6, STM32U535VET6Q, STM32U545CET6, STM32U545CET6Q, STM32U545CEU6, STM32U545CEU6Q, STM32U545JEY6QTR, STM32U545NEY6QTR, STM32U545REI6, STM32U545REI6Q, STM32U545RET6, STM32U545RET6Q, STM32U545VEI6, STM32U545VEI6Q, STM32U545VET6, STM32U545VET6Q, STM32U595AIH6, STM32U595AIH6Q, STM32U595AJH6, STM32U595AJH6Q, STM32U595QII6, STM32U595QII6Q, STM32U595QJI6, STM32U595QJI6Q, STM32U595RIT6, STM32U595RIT6Q, STM32U595RJT6, STM32U595RJT6Q, STM32U595VIT6, STM32U595VIT6Q, STM32U595VJT6, STM32U595VJT6Q, STM32U595ZIT6, STM32U595ZIT6Q, STM32U595ZIY6QTR, STM32U595ZJT6, STM32U595ZJT6Q, STM32U595ZJY6QTR, STM32U599BJY6QTR, STM32U599NIH6Q, STM32U599NJH6Q, STM32U599VIT6Q, STM32U599VJT6, STM32U599VJT6Q, STM32U599ZIT6Q, STM32U599ZIY6QTR, STM32U599ZJT6Q, STM32U599ZJY6QTR, STM32U5A5AJH6, STM32U5A5AJH6Q, STM32U5A5QII3Q , STM32U5A5QJI6, STM32U5A5QJI6Q, STM32U5A5RJT6, STM32U5A5RJT6Q, STM32U5A5VJT6, STM32U5A5VJT6Q, STM32U5A5ZJT6, STM32U5A5ZJT6Q, STM32U5A5ZJY6QTR, STM32U5A9BJY6QTR, STM32U5A9J-DK, STM32U5A9NJH6Q, STM32U5A9VJT6Q, STM32U5A9ZJT6Q, STM32U5A9ZJY6QTR, STM32U5F7VIT6, STM32U5F7VIT6Q, STM32U5F7VJT6, STM32U5F7VJT6Q, STM32U5F9BJY6QTR, STM32U5F9NJH6Q, STM32U5F9VIT6Q, STM32U5F9VJT6Q, STM32U5F9ZIJ6QTR, STM32U5F9ZIT6Q, STM32U5F9ZJJ6QTR, STM32U5F9ZJT6Q, STM32U5G7VJT6, STM32U5G7VJT6Q, STM32U5G9BJY6QTR, STM32U5G9J-DK1, STM32U5G9J-DK2, STM32U5G9NJH6Q, STM32U5G9VJT6Q, STM32U5G9ZJJ6QTR, STM32U5G9ZJT6Q, STM32WB05KZV6TR, STM32WB05KZV7TR, STM32WB05TZF6TR, STM32WB05TZF7TR, STM32WB06CCF6TR, STM32WB06CCF7TR, STM32WB06CCV6TR, STM32WB06CCV7TR, STM32WB06KCV6TR, STM32WB06KCV7TR, STM32WB07CCF6TR, STM32WB07CCF7TR, STM32WB07CCV6TR, STM32WB07CCV7TR, STM32WB07KCV6TR, STM32WB07KCV7TR, STM32WB09KEV6TR, STM32WB09KEV7TR, STM32WB09TEF6TR, STM32WB09TEF7TR, STM32WB1MMCH6, STM32WBA50KGU6, STM32WBA50KGU6TR, STM32WBA52CEU6, STM32WBA52CEU6TR, STM32WBA52CEU7, STM32WBA52CEU7TR, STM32WBA52CGU6, STM32WBA52CGU6TR, STM32WBA52CGU6U, STM32WBA52CGU7, STM32WBA52CGU7TR, STM32WBA52KEU6, STM32WBA52KEU6TR, STM32WBA52KGU6, STM32WBA52KGU6TR, STM32WBA54CEU6, STM32WBA54CEU6TR, STM32WBA54CEU7, STM32WBA54CEU7TR, STM32WBA54CGU6, STM32WBA54CGU6TR, STM32WBA54CGU7, STM32WBA54CGU7TR, STM32WBA54KEU6, STM32WBA54KEU6TR, STM32WBA54KEU7, STM32WBA54KEU7TR, STM32WBA54KGU6, STM32WBA54KGU6TR, STM32WBA54KGU7, STM32WBA54KGU7TR, STM32WBA55CEU6, STM32WBA55CEU6TR, STM32WBA55CEU7, STM32WBA55CEU7TR, STM32WBA55CGU6, STM32WBA55CGU6TR, STM32WBA55CGU6U, STM32WBA55CGU7, STM32WBA55CGU7TR, STM32WBA55G-DK1, STM32WBA55HEF6, STM32WBA55HEF7, STM32WBA55HGF6, STM32WBA55HGF7, STM32WBA55UEI6, STM32WBA55UEI6TR, STM32WBA55UEI7, STM32WBA55UEI7TR, STM32WBA55UGI6, STM32WBA55UGI6TR, STM32WBA55UGI7, STM32WBA55UGI7TR, STM32WBA5MMGH6TR, STM32WBA62MGF6, STM32WBA62MIF6, STM32WBA65MGF7, STM32WBA65MIF6, STM32WBA65MIF7, STM32WL30K8V6, STM32WL30KBV6, STM32WL31C8V6, STM32WL31CBV6, STM32WL31K8V6, STM32WL31KBV6, STM32WL33C8V6, STM32WL33C8V6X, STM32WL33CBV6, STM32WL33CBV6X, STM32WL33CCV6, STM32WL33CCV6A, STM32WL33CCV6X, STM32WL33K8V7, STM32WL33K8V7X, STM32WL33KBV7 , STM32WL33KBV7X, STM32WL33KCV7, STM32WL33KCV7X, STM32WL5MOCH6, STM32WL5MOCH6TR]
2026-04-01 13:00:25,686 [INFO] DbMcus:218 - Found 5055 MCUs, 4968 are supported
2026-04-01 13:00:25,688 [INFO] ApiDb:423 - Load user favorites file C:\Users\maxta/.stm32cubeide/favorites.mcus.txt: 1 item(s)
2026-04-01 13:00:25,688 [INFO] ApiDb:427 - User favorites MCUs=[STM32F411VET6]
2026-04-01 13:00:25,688 [INFO] DbMcus:224 - Set 1 / 1 favorites MCUs
2026-04-01 13:00:26,023 [INFO] ApiDb:668 - CubeFinder database Data Model version=2.1
2026-04-01 13:00:26,023 [INFO] ApiDb:669 - CubeFinder database Configuration version=3.0.42
2026-04-01 13:00:26,023 [INFO] ApiDb:670 - CubeFinder database generation date=2026-03-11 (1773229989)
2026-04-01 13:00:26,023 [INFO] ApiDb:671 - CubeFinder database FW Pack versions=[FP-ATR-ASTRA1_V2.0.0, FP-SNS-FLIGHT1_V5.1.0, FP-SNS-MOTENV1_V5.1.0, FP-SNS-MOTENVWB1_V1.5.0, FP-SNS-SMARTAG2_V1.2.0, FP-SNS-STBOX1_V2.1.0, STM32Cube_FW_C0_V1.4.0, STM32Cube_FW_F4_V1.28.3, STM32Cube_FW_F7_V1.17.4, STM32Cube_FW_G0_V1.6.3, STM32Cube_FW_G4_V1.6.2, STM32Cube_FW_H5_V1.6.0, STM32Cube_FW_H7RS_V1.3.0, STM32Cube_FW_H7_V1.13.0, STM32Cube_FW_L0_V1.12.2, STM32Cube_FW_L4_V1.18.2, STM32Cube_FW_L5_V1.6.0, STM32Cube_FW_N6_V1.3.0, STM32Cube_FW_U0_V1.3.0, STM32Cube_FW_U3_V1.3.0, STM32Cube_FW_U5_V1.8.0, STM32Cube_FW_WB0_V1.4.0, STM32Cube_FW_WBA_V1.9.0, STM32Cube_FW_WB_V1.24.0, STM32Cube_FW_WL3_V1.4.0, STM32Cube_FW_WL_V1.5.0, X-CUBE-ALGOBUILD_V1.4.0, X-CUBE-ALS_V1.0.2, X-CUBE-AZRTOS-F4_V1.1.0, X-CUBE-AZRTOS-F7_V1.1.0, X-CUBE-AZRTOS-G0_V1.1.0, X-CUBE-AZRTOS-G4_V2.0.0, X-CUBE-AZRTOS-H7RS_V1.1.0, X-CUBE-AZRTOS-H7_V3.4.0, X-CUBE-AZRTOS-L4_V2.0.0, X-CUBE-AZRTOS-L5_V2.0.0, X-CUBE-AZRTOS-WB_V2.0.0, X-CUBE-AZRTOS-WL_V2.0.0, X-CUBE-BLE1_V7.1.0, X-CUBE-BLE2_V3.3.0, X-CUBE-BLEMGR_V4.1.0, X-CUBE-EEPRMA1_V5.2.0, X-CUBE-FREERTOS_V1.5.0, X-CUBE-GNSS1_V6.0.0, X-CUBE-MEMS1_V12.0.0, X-CUBE-NFC4_V3.0.0, X-CUBE-NFC7_V2.0.0, X-CUBE-SFXS2LP1_V4.0.0, X-CUBE-ST67W61_V1.2.0, X-CUBE-SUBG2_V5.0.0, X-CUBE-TOF1_V3.4.3]
2026-04-01 13:00:26,081 [INFO] DbBoardsSqlite:226 - include board P-NUCLEO-WB55-NUCLEO as a kit item of type 'Nucleo-64'
2026-04-01 13:00:26,082 [INFO] DbBoardsSqlite:226 - include board P-NUCLEO-WB55-USBDONGLE as a kit item of type 'Nucleo USB Dongle'
2026-04-01 13:00:26,082 [INFO] DbBoardsSqlite:226 - include board STEVAL-IDP005V1 as a kit item of type 'Evaluation Board'
2026-04-01 13:00:26,082 [INFO] DbBoardsSqlite:226 - include board STEVAL-IDP005V2 as a kit item of type 'Evaluation Board'
2026-04-01 13:00:26,166 [INFO] ApiDb:240 - Found 880 in-development CPN: [B-G473E-ZEST1S, B-WB1M-WPAN1, B-WBA5M-WPAN, B-WL5M-SUBG1, NUCLEO-C031C6, NUCLEO-C051C8, NUCLEO-C071RB, NUCLEO-C092RC, NUCLEO-H503RB, NUCLEO-H533RE, NUCLEO-H563ZI, NUCLEO-H7S3L8, NUCLEO-N657X0-Q, NUCLEO-U031R8, NUCLEO-U083RC, NUCLEO-U385RG-Q, NUCLEO-U545RE-Q, NUCLEO-U5A5ZJ-Q, NUCLEO-WB05KZ, NUCLEO-WB07CC, NUCLEO-WB09KE, NUCLEO-WBA52CG, NUCLEO-WBA55CG, NUCLEO-WL33CC1, NUCLEO-WL33CC2, STEVAL-PROTEUS1, STEVAL-SMARTAG2, STEVAL-STWINBX1, STM320518-EVAL, STM32C0116-DK, STM32C011D6Y3TR, STM32C011D6Y6TR, STM32C011F4P3, STM32C011F4P6, STM32C011F4U3, STM32C011F4U6TR, STM32C011F6P3, STM32C011F6P6, STM32C011F6U3, STM32C011F6U6TR, STM32C011J4M3, STM32C011J4M6, STM32C011J6M3, STM32C011J6M6, STM32C0316-DK, STM32C031C4T3, STM32C031C4T6, STM32C031C4U3, STM32C031C4U6, STM32C031C6T3, STM32C031C6T6, STM32C031C6U3, STM32C031C6U6, STM32C031F4P3, STM32C031F4P6, STM32C031F6P3, STM32C031F6P6, STM32C031G4U3, STM32C031G4U6, STM32C031G6U3, STM32C031G6U6, STM32C031K4T3, STM32C031K4T6, STM32C031K4U3, STM32C031K4U6, STM32C031K6T3, STM32C031K6T6, STM32C031K6U3, STM32C031K6U6, STM32C051C6T6, STM32C051C6U6, STM32C051C8T6, STM32C051C8U6, STM32C051D8Y6TR, STM32C051F6P6, STM32C051F8P6, STM32C051G6U6, STM32C051G8U6, STM32C051K6T6, STM32C051K6U6, STM32C051K8T6, STM32C071C8T6, STM32C071C8T6N, STM32C071C8U6, STM32C071C8U6N, STM32C071CBT6, STM32C071CBT6N, STM32C071CBU6, STM32C071CBU6N, STM32C071F8P6, STM32C071F8P6N, STM32C071FBP6, STM32C071FBP6N, STM32C071FBY6TR, STM32C071G8U6, STM32C071G8U6N, STM32C071GBU6, STM32C071GBU6N, STM32C071K8T6, STM32C071K8T6N, STM32C071K8U6, STM32C071K8U6N, STM32C071KBT6, STM32C071KBT6N, STM32C071KBU6, STM32C071KBU6N, STM32C071R8T6, STM32C071R8T6N, STM32C071RBI6N, STM32C071RBT6, STM32C071RBT6N, STM32C091CBT6, STM32C091CBU6, STM32C091CCT6, STM32C091CCU6, STM32C091ECY6TR, STM32C091FBP6, STM32C091FCP6, STM32C091GBU6, STM32C091GCU6, STM32C091KBT6, STM32C091KBU6, STM32C091KCT6, STM32C091KCU6, STM32C091RBT6, STM32C091RCI6, STM32C091RCT6, STM32C092CBT6, STM32C092CBU6, STM32C092CCT6, STM32C092CCU6, STM32C092ECY6TR, STM32C092FBP6, STM32C092FCP6, STM32C092GBU6, STM32C092GCU6, STM32C092KBT6, STM32C092KBU6, STM32C092KCT6, STM32C092KCU6, STM32C092RBT6, STM32C092RCI6, STM32C092RCT6, STM32G071K8TXN, STM32G071K8UXN, STM32G081GBU6N, STM32G081KBT6N, STM32G081KBUXN, STM32G0B1CCT6N, STM32G0B1KCT6, STM32G0B1NEY6TR, STM32G0B1RCT6N, STM32G0C1CCT6, STM32G0C1CCT6N, STM32G0C1CCU6N, STM32G0C1CET6N, STM32G0C1CEU6N, STM32G0C1KCT6, STM32G0C1NEY6TR, STM32G0C1RCI6N, STM32G0C1RCT6N, STM32G0C1REI6N, STM32G0C1RET6N, STM32G0C1VCI6, STM32G0C1VEI6, STM32G411C6T3, STM32G411C6T6, STM32G411C6U3, STM32G411C6U6, STM32G411C8T3, STM32G411C8T6, STM32G411C8U3, STM32G411C8U6, STM32G411CBT3, STM32G411CBT6, STM32G411CBU3, STM32G411CBU6, STM32G411K6T3, STM32G411K6T6, STM32G411K6U3, STM32G411K6U6, STM32G411K8T3, STM32G411K8T6, STM32G411K8U3, STM32G411K8U6, STM32G411KBT3, STM32G411KBT6, STM32G411KBU3, STM32G411KBU6, STM32G411M6T3, STM32G411M6T6, STM32G411M8T3, STM32G411M8T6, STM32G411MBT3, STM32G411MBT6, STM32G411R6T3, STM32G411R6T6, STM32G411R8T3, STM32G411R8T6, STM32G411RBT3, STM32G411RBT6, STM32G414CBT3, STM32G414CBT6, STM32G414CBU3, STM32G414CBU6, STM32G414CCT3, STM32G414CCT6, STM32G414CCU3, STM32G414CCU6, STM32G414MBT3, STM32G414MBT6, STM32G414MCT3, STM32G414MCT6, STM32G414RBT3, STM32G414RBT6, STM32G414RCT3, STM32G414RCT6, STM32G414VBT3, STM32G414VBT6, STM32G414VCT3, STM32G414VCT6, STM32G431CBT3Z, STM32G431RBT3Z, STM32G471CCT6, STM32G471CCU6, STM32G471CET3, STM32G471CET6, STM32G471CEU3, STM32G471CEU6, STM32G471MCT6, STM32G471MET3, STM32G471MET6, STM32G471MEY6TR, STM32G471QCT6, STM32G471QET3, STM32G471RCT6, STM32G471RET3, STM32G471RET6, STM32G471VCH6, STM32G471VCI6, STM32G471VCT6, STM32G471VEH3, STM32G471VEH6, STM32G471VEI3, STM32G471VEI6, STM32G471VET3, STM32G471VET6, STM32G473QET3Z, STM32G473RET3Z, STM32G474CCT6, STM32G491RET3Z, STM32H503CBT6, STM32H503CBU6, STM32H503EBY6TR, STM32H503KBU6, STM32H503RBT6, STM32H523CCT6, STM32H523CCU6, STM32H523CET6, STM32H523CEU6, STM32H523HEY6TR, STM32H523RCT6, STM32H523RET6, STM32H523VCI6, STM32H523VCT6, STM32H523VEI6, STM32H523VET6, STM32H523ZCJ6, STM32H523ZCT6, STM32H523ZEJ6, STM32H523ZET6, STM32H533CET6, STM32H533CEU6, STM32H533HEY6TR, STM32H533RET6, STM32H533VEI6, STM32H533VET6, STM32H533ZEJ6, STM32H533ZET6, STM32H562AGI6, STM32H562AII6, STM32H562IGK6, STM32H562IGT6, STM32H562IIK6, STM32H562IIT6, STM32H562RGT6, STM32H562RGV6, STM32H562RIT6, STM32H562RIV6, STM32H562VGT6, STM32H562VIT6, STM32H562ZGT6, STM32H562ZIT6, STM32H563AGI6, STM32H563AII3Q, STM32H563AII6, STM32H563IGK6, STM32H563IGT6, STM32H563IIK3Q, STM32H563IIK6, STM32H563IIT3Q, STM32H563IIT6, STM32H563MIY3QTR, STM32H563RGT6, STM32H563RGV6, STM32H563RIT6, STM32H563RIV6, STM32H563VGT6, STM32H563VIT3Q, STM32H563VIT6, STM32H563ZGT6, STM32H563ZIT3Q, STM32H563ZIT6, STM32H573AII3Q, STM32H573AII6, STM32H573I-DK, STM32H573IIK3Q, STM32H573IIK6, STM32H573IIT3Q, STM32H573IIT6, STM32H573MIY3QTR, STM32H573RIT6, STM32H573RIV6, STM32H573VIT3Q, STM32H573VIT6, STM32H573ZIT3Q, STM32H573ZIT6, STM32H7R3A8I6, STM32H7R3I8K6, STM32H7R3I8T6, STM32H7R3L8H6, STM32H7R3L8H6H, STM32H7R3R8V6, STM32H7R3V8H6, STM32H7R3V8T6, STM32H7R3V8Y6TR, STM32H7R3Z8J6, STM32H7R3Z8T6, STM32H7R7A8I6, STM32H7R7I8K6, STM32H7R7I8T6, STM32H7R7L8H6, STM32H7R7L8H6H, STM32H7R7Z8J6, STM32H7S3A8I6, STM32H7S3I8K6, STM32H7S3I8T6, STM32H7S3L8H6, STM32H7S3L8H6H, STM32H7S3R8V6, STM32H7S3V8H6, STM32H7S3V8T6, STM32H7S3V8Y6TR, STM32H7S3Z8J6, STM32H7S3Z8T6, STM32H7S78-DK, STM32H7S7A8I6, STM32H7S7I8K6, STM32H7S7I8T6, STM32H7S7L8H6, STM32H7S7L8H6H, STM32H7S7Z8J6, STM32L4R5QGI6STR, STM32MP131AAE3, STM32MP131AAF3, STM32MP131AAG3, STM32MP131CAE3, STM32MP131CAF3, STM32MP131CAG3, STM32MP131DAE7, STM32MP131DAF7, STM32MP131DAG7, STM32MP131FAE7, STM32MP131FAF7, STM32MP131FAG7, STM32MP133AAE3, STM32MP133AAF3, STM32MP133AAG3, STM32MP133CAE3, STM32MP133CAF3, STM32MP133CAG3, STM32MP133DAE7, STM32MP133DAF7, STM32MP133DAG7, STM32MP133FAE7, STM32MP133FAF7, STM32MP133FAG7, STM32MP135AAE3, STM32MP135AAF3, STM32MP135AAG3, STM32MP135CAE3, STM32MP135CAF3, STM32MP135CAG3, STM32MP135DAE7, STM32MP135DAF7, STM32MP135DAG7, STM32MP135F-DK, STM32MP135FAE7, STM32MP135FAF7, STM32MP135FAF7T, STM32MP135FAF7U, STM32MP135FAG7, STM32MP211AAL3, STM32MP211AAM3, STM32MP211AAN3, STM32MP211AAO3, STM32MP211CAL3, STM32MP211CAM3, STM32MP211CAN3, STM32MP211CAO3, STM32MP211DAL3, STM32MP211DAM3, STM32MP211DAN3, STM32MP211DAO3, STM32MP211FAL3, STM32MP211FAM3, STM32MP211FAN3, STM32MP211FAO3, STM32MP213AAL3, STM32MP213AAM3, STM32MP213AAN3, STM32MP213AAO3, STM32MP213CAL3, STM32MP213CAM3, STM32MP213CAN3, STM32MP213CAO3, STM32MP213DAL3, STM32MP213DAM3, STM32MP213DAN3, STM32MP213DAO3, STM32MP213FAL3, STM32MP213FAM3, STM32MP213FAN3, STM32MP213FAO3, STM32MP215AAL3, STM32MP215AAM3, STM32MP215AAN3, STM32MP215AAO3, STM32MP215CAL3, STM32MP215CAM3, STM32MP215CAN3, STM32MP215CAO3, STM32MP215DAL3, STM32MP215DAM3, STM32MP215DAN3, STM32MP215DAO3, STM32MP215F-DK, STM32MP215FAL3, STM32MP215FAM3, STM32MP215FAN3, STM32MP215FAO3, STM32MP231AAJ3, STM32MP231AAK3, STM32MP231AAL3, STM32MP231CAJ3, STM32MP231CAK3, STM32MP231CAL3, STM32MP231DAJ3, STM32MP231DAK3, STM32MP231DAL3, STM32MP231FAJ3, STM32MP231FAK3, STM32MP231FAL3, STM32MP233AAJ3, STM32MP233AAK3, STM32MP233AAL3, STM32MP233CAJ3, STM32MP233CAK3, STM32MP233CAL3, STM32MP233DAJ3, STM32MP233DAK3, STM32MP233DAL3, STM32MP233FAJ3, STM32MP233FAK3, STM32MP233FAL3, STM32MP235AAJ3, STM32MP235AAK3, STM32MP235AAL3, STM32MP235CAJ3, STM32MP235CAK3, STM32MP235CAL3, STM32MP235DAJ3, STM32MP235DAK3, STM32MP235DAL3, STM32MP235FAJ3, STM32MP235FAK3, STM32MP235FAL3, STM32MP251AAI3, STM32MP251AAK3, STM32MP251AAL3, STM32MP251CAI3, STM32MP251CAK3, STM32MP251CAL3, STM32MP251DAI3, STM32MP251DAK3, STM32MP251DAL3, STM32MP251FAI3, STM32MP251FAK3, STM32MP251FAL3, STM32MP253AAI3, STM32MP253AAK3, STM32MP253AAL3, STM32MP253CAI3, STM32MP253CAK3, STM32MP253CAL3, STM32MP253DAI3, STM32MP253DAK3, STM32MP253DAL3, STM32MP253FAI3, STM32MP253FAK3, STM32MP253FAL3, STM32MP255AAI3, STM32MP255AAK3, STM32MP255AAL3, STM32MP255CAI3, STM32MP255CAK3, STM32MP255CAL3, STM32MP255DAI3, STM32MP255DAK3, STM32MP255DAL3, STM32MP255FAI3, STM32MP255FAK3, STM32MP255FAL3, STM32MP257AAI3, STM32MP257AAK3, STM32MP257AAL3, STM32MP257CAI3, STM32MP257CAK3, STM32MP257CAL3, STM32MP257DAI3, STM32MP257DAK3, STM32MP257DAL3, STM32MP257F-DK, STM32MP257F-EV1, STM32MP257FAI3, STM32MP257FAK3, STM32MP257FAL3, STM32N645A0H3Q, STM32N645B0H3Q, STM32N645I0H3Q, STM32N645L0H3Q, STM32N645X0H3Q, STM32N645Z0H3Q, STM32N647A0H3Q, STM32N647B0H3Q, STM32N647I0H3Q, STM32N647L0H3Q, STM32N647X0H3Q, STM32N647Z0H3Q, STM32N655A0H3Q, STM32N655B0H3Q, STM32N655I0H3Q, STM32N655L0H3Q, STM32N655X0H3Q, STM32N655Z0H3Q, STM32N6570-DK, STM32N657A0H3Q, STM32N657B0H3Q, STM32N657I0H3Q, STM32N657L0H3Q, STM32N657X0H3Q, STM32N657Z0H3Q, STM32U031C6T6, STM32U031C6U6, STM32U031C8T6, STM32U031C8U6, STM32U031F4P6, STM32U031F6P6, STM32U031F8P6, STM32U031G6Y6TR, STM32U031G8Y6TR, STM32U031K4U6, STM32U031K6U6, STM32U031K8U6, STM32U031R6I6, STM32U031R6T6, STM32U031R8I6, STM32U031R8T6, STM32U073C8T6, STM32U073C8U6, STM32U073CBT6, STM32U073CBU6, STM32U073CCT6, STM32U073CCU6, STM32U073H8Y6TR, STM32U073HBY6TR, STM32U073HCY6TR, STM32U073K8U6, STM32U073KBU6, STM32U073KCU6, STM32U073M8I6, STM32U073M8T6, STM32U073MBI6, STM32U073MBT6, STM32U073MCI6, STM32U073MCT6, STM32U073R8I6, STM32U073R8T6, STM32U073RBI6, STM32U073RBT6, STM32U073RCI6, STM32U073RCT6, STM32U083C-DK, STM32U083CCT6, STM32U083CCU6, STM32U083HCY6TR, STM32U083KCU6, STM32U083MCI6, STM32U083MCT6, STM32U083RCI6, STM32U083RCT6, STM32U375CET6, STM32U375CET6Q, STM32U375CEU6, STM32U375CEU6Q, STM32U375CEY6QTR, STM32U375CGT6, STM32U375CGT6Q, STM32U375CGU6, STM32U375CGU6Q, STM32U375CGY6QTR, STM32U375KEU6, STM32U375KGU6, STM32U375REI6, STM32U375REI6Q, STM32U375RET6, STM32U375RET6Q, STM32U375REY6GTR, STM32U375REY6QTR, STM32U375RGI6, STM32U375RGI6Q, STM32U375RGT6, STM32U375RGT6Q, STM32U375RGY6GTR, STM32U375RGY6QTR, STM32U375VEI6, STM32U375VEI6Q, STM32U375VET6, STM32U375VET6Q, STM32U375VGI6, STM32U375VGI6Q, STM32U375VGT6, STM32U375VGT6Q, STM32U385CGT6, STM32U385CGT6Q, STM32U385CGU6, STM32U385CGU6Q, STM32U385CGY6QTR, STM32U385KGU6, STM32U385RGI6, STM32U385RGI6Q, STM32U385RGT6, STM32U385RGT6Q, STM32U385RGY6GTR, STM32U385RGY6QTR, STM32U385VGI6, STM32U385VGI6Q, STM32U385VGT6, STM32U385VGT6Q, STM32U535CBT6, STM32U535CBT6Q, STM32U535CBU6, STM32U535CBU6Q, STM32U535CCT6, STM32U535CCT6Q, STM32U535CCU6, STM32U535CCU6Q, STM32U535CET6, STM32U535CET6Q, STM32U535CEU6, STM32U535CEU6Q, STM32U535JEY6QTR, STM32U535NCY6QTR, STM32U535NEY6QTR, STM32U535RBI6, STM32U535RBI6Q, STM32U535RBT6, STM32U535RBT6Q, STM32U535RCI6, STM32U535RCI6Q, STM32U535RCT6, STM32U535RCT6Q, STM32U535REI6, STM32U535REI6Q, STM32U535RET6, STM32U535RET6Q, STM32U535VCI6, STM32U535VCI6Q, STM32U535VCT6, STM32U535VCT6Q, STM32U535VEI6, STM32U535VEI6Q, STM32U535VET6, STM32U535VET6Q, STM32U545CET6, STM32U545CET6Q, STM32U545CEU6, STM32U545CEU6Q, STM32U545JEY6QTR, STM32U545NEY6QTR, STM32U545REI6, STM32U545REI6Q, STM32U545RET6, STM32U545RET6Q, STM32U545VEI6, STM32U545VEI6Q, STM32U545VET6, STM32U545VET6Q, STM32U595AIH6, STM32U595AIH6Q, STM32U595AJH6, STM32U595AJH6Q, STM32U595QII6, STM32U595QII6Q, STM32U595QJI6, STM32U595QJI6Q, STM32U595RIT6, STM32U595RIT6Q, STM32U595RJT6, STM32U595RJT6Q, STM32U595VIT6, STM32U595VIT6Q, STM32U595VJT6, STM32U595VJT6Q, STM32U595ZIT6, STM32U595ZIT6Q, STM32U595ZIY6QTR, STM32U595ZJT6, STM32U595ZJT6Q, STM32U595ZJY6QTR, STM32U599BJY6QTR, STM32U599NIH6Q, STM32U599NJH6Q, STM32U599VIT6Q, STM32U599VJT6, STM32U599VJT6Q, STM32U599ZIT6Q, STM32U599ZIY6QTR, STM32U599ZJT6Q, STM32U599ZJY6QTR, STM32U5A5AJH6, STM32U5A5AJH6Q, STM32U5A5QII3Q , STM32U5A5QJI6, STM32U5A5QJI6Q, STM32U5A5RJT6, STM32U5A5RJT6Q, STM32U5A5VJT6, STM32U5A5VJT6Q, STM32U5A5ZJT6, STM32U5A5ZJT6Q, STM32U5A5ZJY6QTR, STM32U5A9BJY6QTR, STM32U5A9J-DK, STM32U5A9NJH6Q, STM32U5A9VJT6Q, STM32U5A9ZJT6Q, STM32U5A9ZJY6QTR, STM32U5F7VIT6, STM32U5F7VIT6Q, STM32U5F7VJT6, STM32U5F7VJT6Q, STM32U5F9BJY6QTR, STM32U5F9NJH6Q, STM32U5F9VIT6Q, STM32U5F9VJT6Q, STM32U5F9ZIJ6QTR, STM32U5F9ZIT6Q, STM32U5F9ZJJ6QTR, STM32U5F9ZJT6Q, STM32U5G7VJT6, STM32U5G7VJT6Q, STM32U5G9BJY6QTR, STM32U5G9J-DK1, STM32U5G9J-DK2, STM32U5G9NJH6Q, STM32U5G9VJT6Q, STM32U5G9ZJJ6QTR, STM32U5G9ZJT6Q, STM32WB05KZV6TR, STM32WB05KZV7TR, STM32WB05TZF6TR, STM32WB05TZF7TR, STM32WB06CCF6TR, STM32WB06CCF7TR, STM32WB06CCV6TR, STM32WB06CCV7TR, STM32WB06KCV6TR, STM32WB06KCV7TR, STM32WB07CCF6TR, STM32WB07CCF7TR, STM32WB07CCV6TR, STM32WB07CCV7TR, STM32WB07KCV6TR, STM32WB07KCV7TR, STM32WB09KEV6TR, STM32WB09KEV7TR, STM32WB09TEF6TR, STM32WB09TEF7TR, STM32WB1MMCH6, STM32WBA50KGU6, STM32WBA50KGU6TR, STM32WBA52CEU6, STM32WBA52CEU6TR, STM32WBA52CEU7, STM32WBA52CEU7TR, STM32WBA52CGU6, STM32WBA52CGU6TR, STM32WBA52CGU6U, STM32WBA52CGU7, STM32WBA52CGU7TR, STM32WBA52KEU6, STM32WBA52KEU6TR, STM32WBA52KGU6, STM32WBA52KGU6TR, STM32WBA54CEU6, STM32WBA54CEU6TR, STM32WBA54CEU7, STM32WBA54CEU7TR, STM32WBA54CGU6, STM32WBA54CGU6TR, STM32WBA54CGU7, STM32WBA54CGU7TR, STM32WBA54KEU6, STM32WBA54KEU6TR, STM32WBA54KEU7, STM32WBA54KEU7TR, STM32WBA54KGU6, STM32WBA54KGU6TR, STM32WBA54KGU7, STM32WBA54KGU7TR, STM32WBA55CEU6, STM32WBA55CEU6TR, STM32WBA55CEU7, STM32WBA55CEU7TR, STM32WBA55CGU6, STM32WBA55CGU6TR, STM32WBA55CGU6U, STM32WBA55CGU7, STM32WBA55CGU7TR, STM32WBA55G-DK1, STM32WBA55HEF6, STM32WBA55HEF7, STM32WBA55HGF6, STM32WBA55HGF7, STM32WBA55UEI6, STM32WBA55UEI6TR, STM32WBA55UEI7, STM32WBA55UEI7TR, STM32WBA55UGI6, STM32WBA55UGI6TR, STM32WBA55UGI7, STM32WBA55UGI7TR, STM32WBA5MMGH6TR, STM32WBA62MGF6, STM32WBA62MIF6, STM32WBA65MGF7, STM32WBA65MIF6, STM32WBA65MIF7, STM32WL30K8V6, STM32WL30KBV6, STM32WL31C8V6, STM32WL31CBV6, STM32WL31K8V6, STM32WL31KBV6, STM32WL33C8V6, STM32WL33C8V6X, STM32WL33CBV6, STM32WL33CBV6X, STM32WL33CCV6, STM32WL33CCV6A, STM32WL33CCV6X, STM32WL33K8V7, STM32WL33K8V7X, STM32WL33KBV7 , STM32WL33KBV7X, STM32WL33KCV7, STM32WL33KCV7X, STM32WL5MOCH6, STM32WL5MOCH6TR]
2026-04-01 13:00:26,317 [INFO] BoardInfo:889 - No configuration file found for board NUCLEO-H5E5ZJ
2026-04-01 13:00:26,318 [INFO] DbBoards:161 - Board is not supported: NUCLEO-H5E5ZJ
2026-04-01 13:00:26,385 [INFO] BoardInfo:889 - No configuration file found for board NUCLEO-U3C5ZI-Q
2026-04-01 13:00:26,386 [INFO] DbBoards:161 - Board is not supported: NUCLEO-U3C5ZI-Q
2026-04-01 13:00:26,403 [INFO] BoardInfo:889 - No configuration file found for board NUCLEO-WBA25CE1
2026-04-01 13:00:26,405 [INFO] DbBoards:161 - Board is not supported: NUCLEO-WBA25CE1
2026-04-01 13:00:26,415 [INFO] BoardInfo:889 - No configuration file found for board NUCLEO-WL3RKB1
2026-04-01 13:00:26,417 [INFO] DbBoards:161 - Board is not supported: NUCLEO-WL3RKB1
2026-04-01 13:00:26,419 [INFO] BoardInfo:889 - No configuration file found for board NUCLEO-WL3RKB2
2026-04-01 13:00:26,421 [INFO] DbBoards:161 - Board is not supported: NUCLEO-WL3RKB2
2026-04-01 13:00:26,431 [INFO] BoardInfo:889 - No configuration file found for board P-NUCLEO-WB55
2026-04-01 13:00:26,432 [INFO] DbBoards:161 - Kit is not supported: P-NUCLEO-WB55
2026-04-01 13:00:26,439 [INFO] BoardInfo:889 - No configuration file found for board STEVAL-BFA001V1B
2026-04-01 13:00:26,440 [INFO] DbBoards:161 - Kit is not supported: STEVAL-BFA001V1B
2026-04-01 13:00:26,441 [INFO] BoardInfo:889 - No configuration file found for board STEVAL-BFA001V2B
2026-04-01 13:00:26,442 [INFO] DbBoards:161 - Kit is not supported: STEVAL-BFA001V2B
2026-04-01 13:00:26,570 [INFO] BoardInfo:889 - No configuration file found for board STM32H5F5J-DK
2026-04-01 13:00:26,571 [INFO] DbBoards:161 - Board is not supported: STM32H5F5J-DK
2026-04-01 13:00:26,687 [INFO] DbBoards:168 - Found 218 boards, 209 are supported
2026-04-01 13:00:26,688 [INFO] DbBoards:169 - Found 218 boards, 43 of them is supported for  Bsp
2026-04-01 13:00:26,692 [INFO] ApiDb:423 - Load user favorites file C:\Users\maxta/.stm32cubeide/favorites.boards.txt: 0 item(s)
2026-04-01 13:00:26,692 [INFO] ApiDb:427 - User favorites Boards=[]
2026-04-01 13:00:26,692 [INFO] DbBoards:198 - Set 0 / 0 favorites Boards
2026-04-01 13:00:26,692 [INFO] McuFinderGlobals:76 - Set McuFinderConnectedMode to true
2026-04-01 13:00:26,702 [INFO] MultiScanPanel:200 - Auto-refresh data requested => check proxy status ongoing
2026-04-01 13:00:26,705 [INFO] FinderPluginLoader:96 - Searching for filters in installed packs
2026-04-01 13:00:28,248 [INFO] LoadUrlFilesThread:185 - End of LoadServerUrlFiles without Thread
2026-04-01 13:00:28,260 [INFO] DetailPanel:341 - Set advertising image to C:/Users/maxta/STM32Cube/Repository/\en.prom-stm32c5-0326.jpg
2026-04-01 13:01:55,505 [INFO] McuFinderGlobals:76 - Set McuFinderConnectedMode to true
2026-04-01 13:01:56,817 [INFO] ApiDb:448 - Save user favorites file C:\Users\maxta/.stm32cubeide/favorites.mcus.txt: 1 item(s)
2026-04-01 13:01:56,817 [INFO] ApiDb:452 - User favorites MCUs=[STM32F411VET6]
2026-04-01 13:01:56,997 [ERROR] LogOutputStream:75 - [STDERR_REDIRECT] Exception in thread "AWT-EventQueue-0" java.lang.NullPointerException: Cannot invoke "com.st.stm32cube.common.mx.targetselector.IdeMcuFinder.cleanUp(boolean)" because "this.this$0.mcuFinder" is null
2026-04-01 13:01:57,000 [ERROR] LogOutputStream:75 - [STDERR_REDIRECT] 	at com.st.stm32cube.common.mx.targetselector.TargetSelectorAdapter$7.run(TargetSelectorAdapter.java:353)
2026-04-01 13:01:57,001 [ERROR] LogOutputStream:75 - [STDERR_REDIRECT] 	at com.st.stm32cube.common.mx.oss.core.awtswtbridge.AwtEnvironment$2.run(AwtEnvironment.java:166)
2026-04-01 13:01:57,002 [ERROR] LogOutputStream:75 - [STDERR_REDIRECT] 	at java.desktop/java.awt.event.InvocationEvent.dispatch(InvocationEvent.java:318)
2026-04-01 13:01:57,003 [ERROR] LogOutputStream:75 - [STDERR_REDIRECT] 	at java.desktop/java.awt.EventQueue.dispatchEventImpl(EventQueue.java:773)
2026-04-01 13:01:57,003 [ERROR] LogOutputStream:75 - [STDERR_REDIRECT] 	at java.desktop/java.awt.EventQueue$4.run(EventQueue.java:720)
2026-04-01 13:01:57,004 [ERROR] LogOutputStream:75 - [STDERR_REDIRECT] 	at java.desktop/java.awt.EventQueue$4.run(EventQueue.java:714)
2026-04-01 13:01:57,005 [ERROR] LogOutputStream:75 - [STDERR_REDIRECT] 	at java.base/java.security.AccessController.doPrivileged(AccessController.java:400)
2026-04-01 13:01:57,006 [ERROR] LogOutputStream:75 - [STDERR_REDIRECT] 	at java.base/java.security.ProtectionDomain$JavaSecurityAccessImpl.doIntersectionPrivilege(ProtectionDomain.java:87)
2026-04-01 13:01:57,007 [ERROR] LogOutputStream:75 - [STDERR_REDIRECT] 	at java.desktop/java.awt.EventQueue.dispatchEvent(EventQueue.java:742)
2026-04-01 13:01:57,008 [ERROR] LogOutputStream:75 - [STDERR_REDIRECT] 	at java.desktop/java.awt.EventDispatchThread.pumpOneEventForFilters(EventDispatchThread.java:203)
2026-04-01 13:01:57,009 [ERROR] LogOutputStream:75 - [STDERR_REDIRECT] 	at java.desktop/java.awt.EventDispatchThread.pumpEventsForFilter(EventDispatchThread.java:124)
2026-04-01 13:01:57,010 [ERROR] LogOutputStream:75 - [STDERR_REDIRECT] 	at java.desktop/java.awt.EventDispatchThread.pumpEventsForHierarchy(EventDispatchThread.java:113)
2026-04-01 13:01:57,011 [ERROR] LogOutputStream:75 - [STDERR_REDIRECT] 	at java.desktop/java.awt.EventDispatchThread.pumpEvents(EventDispatchThread.java:109)
2026-04-01 13:01:57,012 [ERROR] LogOutputStream:75 - [STDERR_REDIRECT] 	at java.desktop/java.awt.EventDispatchThread.pumpEvents(EventDispatchThread.java:101)
2026-04-01 13:01:57,013 [ERROR] LogOutputStream:75 - [STDERR_REDIRECT] 	at java.desktop/java.awt.EventDispatchThread.run(EventDispatchThread.java:90)
2026-04-01 13:01:59,938 [INFO] MainUpdater:2872 - connection check result : 10
2026-04-01 13:02:00,103 [INFO] McuFinderGlobals:76 - Set McuFinderConnectedMode to true
2026-04-01 13:02:00,105 [INFO] MultiScanPanel:200 - Auto-refresh data requested => check proxy status ongoing
2026-04-01 13:02:00,105 [INFO] FinderPluginLoader:96 - Searching for filters in installed packs
2026-04-01 13:02:00,677 [INFO] LoadUrlFilesThread:185 - End of LoadServerUrlFiles without Thread
2026-04-01 13:02:00,678 [INFO] DetailPanel:341 - Set advertising image to C:/Users/maxta/STM32Cube/Repository/\en.prom-stm32c5-0326.jpg
2026-04-01 13:02:35,206 [INFO] MainUpdater:2872 - connection check result : 10
2026-04-01 13:02:35,206 [INFO] MainUpdater:2872 - connection check result : 10
2026-04-01 13:02:35,233 [INFO] MicroXplorer:468 - Change Database Path : 
2026-04-01 13:02:35,233 [INFO] MicroXplorer:498 - Change Database Version : DB.6.0.150
2026-04-01 13:02:35,238 [WARN] ThirdParty:871 - waiting for thirdparty lock release [close project]
2026-04-01 13:02:35,238 [INFO] ThirdParty:873 - entering critical section [close project]
2026-04-01 13:02:35,240 [INFO] ThirdParty:883 - exiting critical section [close project]
2026-04-01 13:02:35,243 [INFO] PinOutPanel:1589 - setPackage(No Configuration,No Configuration)
2026-04-01 13:02:35,246 [INFO] UtilMem:75 - Begin LoadConfig() Used Memory: 696023768 Bytes (1073741824)
2026-04-01 13:02:35,247 [INFO] MicroXplorer:468 - Change Database Path : 
2026-04-01 13:02:35,247 [INFO] MicroXplorer:498 - Change Database Version : DB.6.0.150
2026-04-01 13:02:35,247 [INFO] OpenFileManager:355 - Change cursor
2026-04-01 13:02:35,323 [INFO] Mcu:2029 - Initializing MCU STM32F103C8Tx STM32F103C8Tx STM32F103C8T6
2026-04-01 13:02:36,695 [INFO] Context:786 - Trying to add GPIOservice into a context  which must be forbidden
2026-04-01 13:02:36,925 [INFO] ImportTextPane:234 - (OptionalMessage_ERROR) Unable to find key (Mcu.ThirdPartyNb) in loaded IOC file
2026-04-01 13:02:36,926 [INFO] ImportTextPane:234 - (OptionalMessage_ERROR) Unable to find key (Mcu.PinsNb) in loaded IOC file
2026-04-01 13:02:36,927 [INFO] ImportTextPane:234 - (OptionalMessage_ERROR) Pin0 (VP_RIF_VS_RIF1) cannot be retrieved for this MCU
2026-04-01 13:02:36,927 [INFO] ImportTextPane:234 - (OptionalMessage_ERROR) Unable to find key (Mcu.IPNb) in loaded IOC file
2026-04-01 13:02:37,206 [INFO] RtosManager:558 - Registered RTOS mode: class=CMSIS, group=RTOS, mode=CMSIS_V1, owner=FREERTOS
2026-04-01 13:02:37,206 [INFO] RtosManager:558 - Registered RTOS mode: class=CMSIS, group=RTOS2, mode=CMSIS_V2, owner=FREERTOS
2026-04-01 13:02:37,206 [INFO] RtosManager:558 - Registered RTOS mode: class=RTOS, group=Core, mode=CMSIS_V1, owner=FREERTOS
2026-04-01 13:02:37,206 [INFO] RtosManager:558 - Registered RTOS mode: class=RTOS, group=Core, mode=CMSIS_V2, owner=FREERTOS
2026-04-01 13:02:37,206 [WARN] ModelIntegratedComponent:184 - Missing modes for component STMicroelectronics:FreeRTOS:0.0.1:STMicroelectronics:RTOS:FreeRTOS:Core:::10.2.0:
2026-04-01 13:02:37,218 [WARN] ModelIntegratedComponent:63 - No mode defined for component null
2026-04-01 13:02:37,219 [WARN] ModelIntegratedComponent:63 - No mode defined for component null
2026-04-01 13:02:37,219 [WARN] ModelIntegratedComponent:63 - No mode defined for component null
2026-04-01 13:02:37,219 [WARN] ModelIntegratedComponent:63 - No mode defined for component null
2026-04-01 13:02:37,219 [WARN] ModelIntegratedComponent:63 - No mode defined for component null
2026-04-01 13:02:37,219 [WARN] ModelIntegratedComponent:63 - No mode defined for component null
2026-04-01 13:02:37,219 [WARN] ModelIntegratedComponent:63 - No mode defined for component null
2026-04-01 13:02:37,219 [WARN] ModelIntegratedComponent:63 - No mode defined for component null
2026-04-01 13:02:37,219 [WARN] ModelIntegratedComponent:63 - No mode defined for component null
2026-04-01 13:02:37,219 [WARN] ModelIntegratedComponent:63 - No mode defined for component null
2026-04-01 13:02:37,219 [WARN] ModelIntegratedComponent:63 - No mode defined for component null
2026-04-01 13:02:37,219 [WARN] ModelIntegratedComponent:63 - No mode defined for component null
2026-04-01 13:02:37,219 [WARN] ModelIntegratedComponent:63 - No mode defined for component null
2026-04-01 13:02:37,219 [WARN] ModelIntegratedComponent:63 - No mode defined for component null
2026-04-01 13:02:37,219 [WARN] ModelIntegratedComponent:63 - No mode defined for component null
2026-04-01 13:02:37,219 [WARN] ModelIntegratedComponent:63 - No mode defined for component null
2026-04-01 13:02:37,219 [WARN] ModelIntegratedComponent:63 - No mode defined for component null
2026-04-01 13:02:37,219 [WARN] ModelIntegratedComponent:63 - No mode defined for component null
2026-04-01 13:02:37,219 [WARN] ModelIntegratedComponent:63 - No mode defined for component null
2026-04-01 13:02:37,219 [WARN] ModelIntegratedComponent:63 - No mode defined for component null
2026-04-01 13:02:37,219 [WARN] ModelIntegratedComponent:63 - No mode defined for component null
2026-04-01 13:02:37,220 [WARN] ModelIntegratedComponent:63 - No mode defined for component null
2026-04-01 13:02:37,220 [WARN] ModelIntegratedComponent:63 - No mode defined for component null
2026-04-01 13:02:37,220 [WARN] ModelIntegratedComponent:63 - No mode defined for component null
2026-04-01 13:02:37,220 [WARN] ModelIntegratedComponent:63 - No mode defined for component null
2026-04-01 13:02:37,220 [WARN] ModelIntegratedComponent:63 - No mode defined for component null
2026-04-01 13:02:37,220 [WARN] ModelIntegratedComponent:63 - No mode defined for component null
2026-04-01 13:02:37,220 [WARN] ModelIntegratedComponent:63 - No mode defined for component null
2026-04-01 13:02:37,220 [WARN] ModelIntegratedComponent:63 - No mode defined for component null
2026-04-01 13:02:37,220 [WARN] ModelIntegratedComponent:63 - No mode defined for component null
2026-04-01 13:02:37,220 [WARN] ModelIntegratedComponent:63 - No mode defined for component null
2026-04-01 13:02:37,220 [WARN] ModelIntegratedComponent:63 - No mode defined for component null
2026-04-01 13:02:37,220 [WARN] ModelIntegratedComponent:63 - No mode defined for component null
2026-04-01 13:02:37,220 [WARN] ModelIntegratedComponent:63 - No mode defined for component null
2026-04-01 13:02:37,220 [WARN] ModelIntegratedComponent:63 - No mode defined for component null
2026-04-01 13:02:37,220 [WARN] ModelPack:524 - Component already loaded: STMicroelectronics:HAL Drivers:0.0.0:STMicroelectronics:Device:STMicro_Driver:XSPI:HAL::0.0.1:HAL_XSPI
2026-04-01 13:02:37,479 [INFO] ThirdPartyModel:298 - Start build external matchings
2026-04-01 13:02:38,790 [INFO] ThirdPartyModel:316 - End build external matchings
2026-04-01 13:02:39,055 [INFO] UtilMem:75 - End LoadConfig() Used Memory: 944344280 Bytes (1073741824)
2026-04-01 13:02:39,091 [WARN] ThirdParty:833 - waiting for thirdparty lock release [change project]
2026-04-01 13:02:39,092 [INFO] ThirdParty:835 - entering critical section [change project]
2026-04-01 13:02:39,092 [INFO] ThirdParty:1030 - CMSIS Pack Vendor :STMicroelectronics X-CUBE-AZRTOS-H7 3.5.0
2026-04-01 13:02:39,092 [INFO] ThirdParty:1030 - CMSIS Pack Vendor :STMicroelectronics X-CUBE-PM33A1 1.0.0
2026-04-01 13:02:39,092 [INFO] ThirdParty:1030 - CMSIS Pack Vendor :STMicroelectronics USBPD 4.1
2026-04-01 13:02:39,092 [INFO] ThirdParty:1030 - CMSIS Pack Vendor :STMicroelectronics X-CUBE-GNSS1 6.0.0
2026-04-01 13:02:39,092 [INFO] ThirdParty:1030 - CMSIS Pack Vendor :STMicroelectronics USB_HOST 2.0.0
2026-04-01 13:02:39,092 [INFO] ThirdParty:1030 - CMSIS Pack Vendor :STMicroelectronics FP-SNS-MOTENVWB1 1.4.0
2026-04-01 13:02:39,093 [INFO] ThirdParty:1030 - CMSIS Pack Vendor :STMicroelectronics X-CUBE-AZRTOS-F4 1.1.0
2026-04-01 13:02:39,093 [INFO] ThirdParty:1030 - CMSIS Pack Vendor :STMicroelectronics LIBJPEG 8.0.0
2026-04-01 13:02:39,093 [INFO] ThirdParty:1030 - CMSIS Pack Vendor :STMicroelectronics FP-ATR-ASTRA1 2.0.2
2026-04-01 13:02:39,093 [INFO] ThirdParty:1030 - CMSIS Pack Vendor :wolfSSL I-CUBE-wolfSSL 5.6.3
2026-04-01 13:02:39,093 [INFO] ThirdParty:1030 - CMSIS Pack Vendor :STMicroelectronics X-CUBE-SMBUS 2.1.0
2026-04-01 13:02:39,093 [INFO] ThirdParty:1030 - CMSIS Pack Vendor :STMicroelectronics X-CUBE-ISPU 2.1.0
2026-04-01 13:02:39,093 [INFO] ThirdParty:1030 - CMSIS Pack Vendor :STMicroelectronics X-CUBE-IPS 3.2.0
2026-04-01 13:02:39,093 [INFO] ThirdParty:1030 - CMSIS Pack Vendor :STMicroelectronics X-CUBE-NFC12 1.0.0
2026-04-01 13:02:39,093 [INFO] ThirdParty:1030 - CMSIS Pack Vendor :STMicroelectronics X-CUBE-AZRTOS-F7 1.1.0
2026-04-01 13:02:39,093 [INFO] ThirdParty:1030 - CMSIS Pack Vendor :STMicroelectronics X-CUBE-AZRTOS-L5 2.0.0
2026-04-01 13:02:39,093 [INFO] ThirdParty:1030 - CMSIS Pack Vendor :STMicroelectronics USB_DEVICE 2.0.0
2026-04-01 13:02:39,093 [INFO] ThirdParty:1030 - CMSIS Pack Vendor :STMicroelectronics X-CUBE-MEMS1 9.6.0
2026-04-01 13:02:39,093 [INFO] ThirdParty:1030 - CMSIS Pack Vendor :STMicroelectronics X-CUBE-NFC6 3.1.0
2026-04-01 13:02:39,093 [INFO] ThirdParty:1030 - CMSIS Pack Vendor :Cesanta I-CUBE-Mongoose 7.19.0
2026-04-01 13:02:39,093 [INFO] ThirdParty:1030 - CMSIS Pack Vendor :STMicroelectronics FP-SNS-MOTENV1 4.3.2
2026-04-01 13:02:39,093 [INFO] ThirdParty:1030 - CMSIS Pack Vendor :STMicroelectronics X-CUBE-BLE1 6.2.4
2026-04-01 13:02:39,093 [INFO] ThirdParty:1030 - CMSIS Pack Vendor :STMicroelectronics FP-SNS-MOTENV1 5.1.0
2026-04-01 13:02:39,093 [INFO] ThirdParty:1030 - CMSIS Pack Vendor :STMicroelectronics FreeRTOS 0.0.1
2026-04-01 13:02:39,093 [INFO] ThirdParty:1030 - CMSIS Pack Vendor :STMicroelectronics X-CUBE-BLEMGR 2.0.0
2026-04-01 13:02:39,093 [INFO] ThirdParty:1030 - CMSIS Pack Vendor :STMicroelectronics FP-SNS-FLIGHT1 5.0.2
2026-04-01 13:02:39,093 [INFO] ThirdParty:1030 - CMSIS Pack Vendor :Infineon AIROC-Wi-Fi-Bluetooth-STM32 1.7.1
2026-04-01 13:02:39,093 [INFO] ThirdParty:1030 - CMSIS Pack Vendor :STMicroelectronics X-CUBE-AZRTOS-H7 3.1.0
2026-04-01 13:02:39,093 [INFO] ThirdParty:1030 - CMSIS Pack Vendor :STMicroelectronics PDM2PCM 3.3.0
2026-04-01 13:02:39,093 [INFO] ThirdParty:1030 - CMSIS Pack Vendor :STMicroelectronics X-CUBE-AZRTOS-H7 3.4.0
2026-04-01 13:02:39,093 [INFO] ThirdParty:1030 - CMSIS Pack Vendor :STMicroelectronics X-CUBE-DISPLAY 3.0.0
2026-04-01 13:02:39,093 [INFO] ThirdParty:1030 - CMSIS Pack Vendor :STMicroelectronics FP-SNS-MOTENVWB1 1.5.0
2026-04-01 13:02:39,093 [INFO] ThirdParty:1030 - CMSIS Pack Vendor :STMicroelectronics X-CUBE-BLE1 7.0.0
2026-04-01 13:02:39,093 [INFO] ThirdParty:1030 - CMSIS Pack Vendor :STMicroelectronics X-CUBE-NFC10 1.0.0
2026-04-01 13:02:39,093 [INFO] ThirdParty:1030 - CMSIS Pack Vendor :STMicroelectronics X-CUBE-FREERTOS 1.3.1
2026-04-01 13:02:39,093 [INFO] ThirdParty:1030 - CMSIS Pack Vendor :STMicroelectronics HAL Drivers 0.0.0
2026-04-01 13:02:39,093 [INFO] ThirdParty:1030 - CMSIS Pack Vendor :STMicroelectronics X-CUBE-ST60 1.1.0
2026-04-01 13:02:39,093 [INFO] ThirdParty:1030 - CMSIS Pack Vendor :emotas I-CUBE-CANOPEN 1.3.0
2026-04-01 13:02:39,093 [INFO] ThirdParty:1030 - CMSIS Pack Vendor :STMicroelectronics X-CUBE-TOUCHGFX 4.22.0
2026-04-01 13:02:39,094 [INFO] ThirdParty:1030 - CMSIS Pack Vendor :STMicroelectronics X-CUBE-NFC7 1.0.1
2026-04-01 13:02:39,094 [INFO] ThirdParty:1030 - CMSIS Pack Vendor :STMicroelectronics MBEDTLS 2.14.1
2026-04-01 13:02:39,094 [INFO] ThirdParty:1030 - CMSIS Pack Vendor :STMicroelectronics X-CUBE-GNSS1 7.1.0
2026-04-01 13:02:39,094 [INFO] ThirdParty:1030 - CMSIS Pack Vendor :STMicroelectronics X-CUBE-TOUCHGFX 4.26.0
2026-04-01 13:02:39,094 [INFO] ThirdParty:1030 - CMSIS Pack Vendor :STMicroelectronics X-CUBE-TOUCHGFX 4.26.1
2026-04-01 13:02:39,094 [INFO] ThirdParty:1030 - CMSIS Pack Vendor :STMicroelectronics X-CUBE-EEPRMA1 4.1.0
2026-04-01 13:02:39,094 [INFO] ThirdParty:1030 - CMSIS Pack Vendor :STMicroelectronics FP-SNS-STBOX1 2.1.0
2026-04-01 13:02:39,094 [INFO] ThirdParty:1030 - CMSIS Pack Vendor :STMicroelectronics FP-SNS-STAIOTCFT 1.0.0
2026-04-01 13:02:39,094 [INFO] ThirdParty:1030 - CMSIS Pack Vendor :STMicroelectronics FP-SNS-SMARTAG2 1.2.0
2026-04-01 13:02:39,094 [INFO] ThirdParty:1030 - CMSIS Pack Vendor :STMicroelectronics FP-SNS-FLIGHT1 5.1.0
2026-04-01 13:02:39,094 [INFO] ThirdParty:1030 - CMSIS Pack Vendor :STMicroelectronics X-CUBE-AZRTOS-WL 2.0.0
2026-04-01 13:02:39,094 [INFO] ThirdParty:1030 - CMSIS Pack Vendor :STMicroelectronics X-CUBE-DPower 1.3.0
2026-04-01 13:02:39,094 [INFO] ThirdParty:1030 - CMSIS Pack Vendor :STMicroelectronics USB_DEVICE 1.0.0
2026-04-01 13:02:39,094 [INFO] ThirdParty:1030 - CMSIS Pack Vendor :STMicroelectronics X-CUBE-AZRTOS-H7RS 1.2.0
2026-04-01 13:02:39,094 [INFO] ThirdParty:1030 - CMSIS Pack Vendor :STMicroelectronics X-CUBE-AI 8.1.0
2026-04-01 13:02:39,094 [INFO] ThirdParty:1030 - CMSIS Pack Vendor :STMicroelectronics X-CUBE-AZRTOS-L4 2.0.0
2026-04-01 13:02:39,094 [INFO] ThirdParty:1030 - CMSIS Pack Vendor :STMicroelectronics ThreadX 0.0.2
2026-04-01 13:02:39,094 [INFO] ThirdParty:1030 - CMSIS Pack Vendor :WES I-CUBE-Cesium 1.3.0
2026-04-01 13:02:39,094 [INFO] ThirdParty:1030 - CMSIS Pack Vendor :STMicroelectronics lwIP 2.1.2
2026-04-01 13:02:39,094 [INFO] ThirdParty:1030 - CMSIS Pack Vendor :STMicroelectronics X-CUBE-SFXS2LP1 4.0.0
2026-04-01 13:02:39,094 [INFO] ThirdParty:1030 - CMSIS Pack Vendor :STMicroelectronics X-CUBE-BLE2 3.3.0
2026-04-01 13:02:39,094 [INFO] ThirdParty:1030 - CMSIS Pack Vendor :Avnet-IOTCONNECT X-CUBE-iotc-st67-sdk 1.0.0
2026-04-01 13:02:39,095 [INFO] ThirdParty:1030 - CMSIS Pack Vendor :STMicroelectronics PDM2PCM 3.2.0
2026-04-01 13:02:39,095 [INFO] ThirdParty:1030 - CMSIS Pack Vendor :STMicroelectronics X-CUBE-ST67W61 1.2.0
2026-04-01 13:02:39,095 [INFO] ThirdParty:1030 - CMSIS Pack Vendor :STMicroelectronics X-CUBE-ISPU 1.1.0
2026-04-01 13:02:39,097 [INFO] ThirdParty:1030 - CMSIS Pack Vendor :STMicroelectronics X-CUBE-NFC9 1.0.0
2026-04-01 13:02:39,097 [INFO] ThirdParty:1030 - CMSIS Pack Vendor :STMicroelectronics X-CUBE-BLE1 7.1.0
2026-04-01 13:02:39,097 [INFO] ThirdParty:1030 - CMSIS Pack Vendor :wolfSSL I-CUBE-wolfMQTT 1.19.2
2026-04-01 13:02:39,097 [INFO] ThirdParty:1030 - CMSIS Pack Vendor :STMicroelectronics USB_DEVICE 3.0.0
2026-04-01 13:02:39,097 [INFO] ThirdParty:1030 - CMSIS Pack Vendor :STMicroelectronics X-CUBE-FREERTOS 1.4.0
2026-04-01 13:02:39,097 [INFO] ThirdParty:1030 - CMSIS Pack Vendor :STMicroelectronics X-CUBE-EEPRMA1 5.2.0
2026-04-01 13:02:39,097 [INFO] ThirdParty:1030 - CMSIS Pack Vendor :STMicroelectronics X-CUBE-BLEMGR 4.1.0
2026-04-01 13:02:39,097 [INFO] ThirdParty:1030 - CMSIS Pack Vendor :STMicroelectronics X-CUBE-AZRTOS-WB 2.0.0
2026-04-01 13:02:39,097 [INFO] ThirdParty:1030 - CMSIS Pack Vendor :STMicroelectronics X-CUBE-FREERTOS 1.0.1
2026-04-01 13:02:39,097 [INFO] ThirdParty:1030 - CMSIS Pack Vendor :STMicroelectronics X-CUBE-ST67W61 1.1.0
2026-04-01 13:02:39,098 [INFO] ThirdParty:1030 - CMSIS Pack Vendor :quantropi X-CUBE-qispace-sdk-base 2.1.0
2026-04-01 13:02:39,098 [INFO] ThirdParty:1030 - CMSIS Pack Vendor :STMicroelectronics X-CUBE-MEMS1 12.0.0
2026-04-01 13:02:39,098 [INFO] ThirdParty:1030 - CMSIS Pack Vendor :STMicroelectronics X-CUBE-ALGOBUILD 1.3.0
2026-04-01 13:02:39,098 [INFO] ThirdParty:1030 - CMSIS Pack Vendor :STMicroelectronics X-CUBE-STSE01 2.0.0
2026-04-01 13:02:39,098 [INFO] ThirdParty:1030 - CMSIS Pack Vendor :STMicroelectronics X-CUBE-AZRTOS-L5 1.1.0
2026-04-01 13:02:39,098 [INFO] ThirdParty:1030 - CMSIS Pack Vendor :STMicroelectronics X-CUBE-AZRTOS-G0 1.1.0
2026-04-01 13:02:39,098 [INFO] ThirdParty:1030 - CMSIS Pack Vendor :STMicroelectronics X-CUBE-AI 8.0.1
2026-04-01 13:02:39,098 [INFO] ThirdParty:1030 - CMSIS Pack Vendor :STMicroelectronics X-CUBE-NFC4 3.0.0
2026-04-01 13:02:39,098 [INFO] ThirdParty:1030 - CMSIS Pack Vendor :STMicroelectronics X-CUBE-SUBG2 5.0.0
2026-04-01 13:02:39,098 [INFO] ThirdParty:1030 - CMSIS Pack Vendor :STMicroelectronics X-CUBE-AZRTOS-H7RS 1.1.0
2026-04-01 13:02:39,098 [INFO] ThirdParty:1030 - CMSIS Pack Vendor :STMicroelectronics STM32_WPAN 1.0.0
2026-04-01 13:02:39,099 [INFO] ThirdParty:1030 - CMSIS Pack Vendor :EmbeddedOffice I-CUBE-FS-RTOS 1.0.1
2026-04-01 13:02:39,099 [INFO] ThirdParty:1030 - CMSIS Pack Vendor :STMicroelectronics lwIP 2.0.3
2026-04-01 13:02:39,099 [INFO] ThirdParty:1030 - CMSIS Pack Vendor :STMicroelectronics USB_HOST 1.0.0
2026-04-01 13:02:39,099 [INFO] ThirdParty:1030 - CMSIS Pack Vendor :STMicroelectronics X-CUBE-TOF1 3.3.1
2026-04-01 13:02:39,099 [INFO] ThirdParty:1030 - CMSIS Pack Vendor :STMicroelectronics X-CUBE-AZRTOS-G4 2.0.0
2026-04-01 13:02:39,099 [INFO] ThirdParty:1030 - CMSIS Pack Vendor :STMicroelectronics X-CUBE-WB05N 2.0.0
2026-04-01 13:02:39,099 [INFO] ThirdParty:1030 - CMSIS Pack Vendor :STMicroelectronics PDM2PCM 3.1.0
2026-04-01 13:02:39,099 [INFO] ThirdParty:1030 - CMSIS Pack Vendor :wolfSSL I-CUBE-wolfTPM 3.8.0
2026-04-01 13:02:39,099 [INFO] ThirdParty:1030 - CMSIS Pack Vendor :wolfSSL I-CUBE-wolfSSH 1.4.20
2026-04-01 13:02:39,099 [INFO] ThirdParty:1030 - CMSIS Pack Vendor :STMicroelectronics X-CUBE-NFC7 2.0.0
2026-04-01 13:02:39,099 [INFO] ThirdParty:1030 - CMSIS Pack Vendor :STMicroelectronics X-CUBE-TCPP 4.2.0
2026-04-01 13:02:39,099 [INFO] ThirdParty:1030 - CMSIS Pack Vendor :RealThread X-CUBE-RT-Thread_Nano 4.1.1
2026-04-01 13:02:39,099 [INFO] ThirdParty:1030 - CMSIS Pack Vendor :STMicroelectronics FP-ATR-SIGFOX1 3.2.0
2026-04-01 13:02:39,099 [INFO] ThirdParty:1030 - CMSIS Pack Vendor :STMicroelectronics X-CUBE-FREERTOS 1.5.0
2026-04-01 13:02:39,099 [INFO] ThirdParty:1030 - CMSIS Pack Vendor :STMicroelectronics MBEDTLS 2.16.2
2026-04-01 13:02:39,099 [INFO] ThirdParty:1030 - CMSIS Pack Vendor :STMicroelectronics X-CUBE-ALS 1.0.2
2026-04-01 13:02:39,099 [INFO] ThirdParty:1030 - CMSIS Pack Vendor :ITTIA_DB I-CUBE-ITTIADB 8.9.0
2026-04-01 13:02:39,099 [INFO] ThirdParty:1030 - CMSIS Pack Vendor :STMicroelectronics X-CUBE-STSE01 1.0.0
2026-04-01 13:02:39,099 [INFO] ThirdParty:1030 - CMSIS Pack Vendor :portGmbH I-Cube-SoM-uGOAL 1.1.0
2026-04-01 13:02:39,100 [INFO] ThirdParty:1030 - CMSIS Pack Vendor :STMicroelectronics X-CUBE-ALS 1.0.1
2026-04-01 13:02:39,100 [INFO] ThirdParty:1030 - CMSIS Pack Vendor :STMicroelectronics X-CUBE-NFC6 3.2.0
2026-04-01 13:02:39,100 [INFO] ThirdParty:1030 - CMSIS Pack Vendor :STMicroelectronics X-CUBE-AI 10.2.0
2026-04-01 13:02:39,100 [INFO] ThirdParty:1030 - CMSIS Pack Vendor :STMicroelectronics ThreadX 1.0.0
2026-04-01 13:02:39,100 [INFO] ThirdParty:1030 - CMSIS Pack Vendor :STMicroelectronics X-CUBE-AZRTOS-WB 1.1.0
2026-04-01 13:02:39,100 [INFO] ThirdParty:1030 - CMSIS Pack Vendor :SEGGER I-CUBE-embOS 1.3.1
2026-04-01 13:02:39,100 [INFO] ThirdParty:1030 - CMSIS Pack Vendor :STMicroelectronics X-CUBE-ALGOBUILD 1.4.0
2026-04-01 13:02:39,100 [INFO] ThirdParty:1030 - CMSIS Pack Vendor :STMicroelectronics X-CUBE-MEMS1 11.3.0
2026-04-01 13:02:39,100 [INFO] ThirdParty:1030 - CMSIS Pack Vendor :STMicroelectronics FP-ATR-ASTRA1 2.0.0
2026-04-01 13:02:39,100 [INFO] ThirdParty:1030 - CMSIS Pack Vendor :STMicroelectronics X-CUBE-TOF1 3.4.3
2026-04-01 13:02:39,100 [INFO] ThirdParty:841 - exiting critical section [change project]
2026-04-01 13:02:39,369 [INFO] PinOutPanel:1589 - setPackage(No Configuration,No Configuration)
2026-04-01 13:02:39,371 [INFO] PinOutPanel:1589 - setPackage(STM32F103C8Tx,LQFP48)
2026-04-01 13:02:40,006 [INFO] UtilMem:75 - Before build in PCC Used Memory: 674679232 Bytes (1073741824)
2026-04-01 13:02:41,171 [INFO] UtilMem:75 - After build in PCC Used Memory: 731824576 Bytes (1073741824)
2026-04-01 13:02:41,205 [INFO] IPUIPlugin:80 - create IPUIPlugin
2026-04-01 13:02:41,205 [INFO] IPUIPlugin:80 - create IPUIPlugin
2026-04-01 13:02:41,205 [INFO] IPUIPlugin:80 - create IPUIPlugin
2026-04-01 13:02:41,205 [INFO] IPUIPlugin:80 - create IPUIPlugin
2026-04-01 13:02:41,205 [INFO] IPUIPlugin:80 - create IPUIPlugin
2026-04-01 13:02:41,205 [INFO] IPUIPlugin:80 - create IPUIPlugin
2026-04-01 13:02:41,205 [INFO] IPUIPlugin:80 - create IPUIPlugin
2026-04-01 13:02:41,205 [INFO] IPUIPlugin:80 - create IPUIPlugin
2026-04-01 13:02:41,205 [INFO] IPUIPlugin:80 - create IPUIPlugin
2026-04-01 13:02:41,205 [INFO] IPUIPlugin:80 - create IPUIPlugin
2026-04-01 13:02:41,206 [INFO] IPUIPlugin:80 - create IPUIPlugin
2026-04-01 13:02:41,206 [INFO] IPUIPlugin:80 - create IPUIPlugin
2026-04-01 13:02:41,206 [INFO] IPUIPlugin:80 - create IPUIPlugin
2026-04-01 13:02:41,206 [INFO] IPUIPlugin:80 - create IPUIPlugin
2026-04-01 13:02:41,207 [INFO] IPUIPlugin:80 - create IPUIPlugin
2026-04-01 13:02:41,207 [INFO] IPUIPlugin:80 - create IPUIPlugin
2026-04-01 13:02:41,207 [INFO] IPUIPlugin:80 - create IPUIPlugin
2026-04-01 13:02:41,207 [INFO] IPUIPlugin:80 - create IPUIPlugin
2026-04-01 13:02:41,207 [INFO] IPUIPlugin:80 - create IPUIPlugin
2026-04-01 13:02:41,207 [INFO] IPUIPlugin:80 - create IPUIPlugin
2026-04-01 13:02:41,207 [INFO] IPUIPlugin:80 - create IPUIPlugin
2026-04-01 13:02:41,208 [INFO] IPUIPlugin:80 - create IPUIPlugin
2026-04-01 13:02:41,208 [INFO] IPUIPlugin:80 - create IPUIPlugin
2026-04-01 13:02:41,208 [INFO] IPUIPlugin:80 - create IPUIPlugin
2026-04-01 13:02:41,208 [INFO] IPUIPlugin:80 - create IPUIPlugin
2026-04-01 13:02:41,208 [INFO] IPUIPlugin:80 - create IPUIPlugin
2026-04-01 13:02:41,208 [INFO] IPUIPlugin:80 - create IPUIPlugin
2026-04-01 13:02:41,478 [INFO] CADModel:165 - CPN selected for project levelSTM32F103C8T6
2026-04-01 13:02:41,478 [INFO] CADModel:114 - Register for checkConnection events
2026-04-01 13:02:41,530 [INFO] OpenFileManager:386 - Restore cursor
2026-04-01 13:02:42,252 [INFO] UtilMem:75 - End SaveConfig() Used Memory: 812063560 Bytes (1073741824)
2026-04-01 13:02:42,323 [INFO] UtilMem:75 - End SaveConfig() Used Memory: 826196416 Bytes (1073741824)
2026-04-01 13:02:42,786 [INFO] BlockDiagram:2775 - set Specific Code input for plugin: NVIC
2026-04-01 13:02:42,786 [INFO] BlockDiagram:2775 - set Specific Code input for plugin: RCC
2026-04-01 13:02:42,788 [INFO] CodeGenerator:892 - code generatio: config db path: C:\ST\STM32CubeIDE_1.19.0\STM32CubeIDE\plugins\com.st.stm32cube.common.mx_6.15.0.202507011659\\db\
2026-04-01 13:02:43,000 [INFO] CodeEngine:265 - oldGeneratedFile, C:\Users\maxta\Desktop\KPI\rtos\git\lab4\MXTmpFiles\license.tmp_save
2026-04-01 13:02:43,459 [INFO] CodeEngine:289 - Generated code: C:\Users\maxta\Desktop\KPI\rtos\git\lab4\MXTmpFiles\license.tmp
2026-04-01 13:02:43,493 [INFO] CodeEngine:265 - oldGeneratedFile, C:\Users\maxta\Desktop\KPI\rtos\git\lab4\Core\Src\stm32f1xx_it.c_save
2026-04-01 13:02:43,703 [INFO] CodeEngine:289 - Generated code: C:\Users\maxta\Desktop\KPI\rtos\git\lab4\Core\Src\stm32f1xx_it.c
2026-04-01 13:02:43,711 [INFO] CodeEngine:265 - oldGeneratedFile, C:\Users\maxta\Desktop\KPI\rtos\git\lab4\Core\Inc\stm32f1xx_it.h_save
2026-04-01 13:02:43,821 [INFO] CodeEngine:289 - Generated code: C:\Users\maxta\Desktop\KPI\rtos\git\lab4\Core\Inc\stm32f1xx_it.h
2026-04-01 13:02:44,145 [INFO] CodeEngine:265 - oldGeneratedFile, C:\Users\maxta\Desktop\KPI\rtos\git\lab4\Core\Src\stm32f1xx_hal_msp.c_save
2026-04-01 13:02:44,325 [INFO] CodeEngine:289 - Generated code: C:\Users\maxta\Desktop\KPI\rtos\git\lab4\Core\Src\stm32f1xx_hal_msp.c
2026-04-01 13:02:44,332 [INFO] CodeEngine:265 - oldGeneratedFile, C:\Users\maxta\Desktop\KPI\rtos\git\lab4\MXTmpFiles\system.tmp_save
2026-04-01 13:02:44,413 [INFO] CodeEngine:289 - Generated code: C:\Users\maxta\Desktop\KPI\rtos\git\lab4\MXTmpFiles\system.tmp
2026-04-01 13:02:44,430 [INFO] CodeEngine:321 - oldGeneratedFile, C:\Users\maxta\Desktop\KPI\rtos\git\lab4\Core\Inc\stm32f1xx_hal_conf.h_save
2026-04-01 13:02:44,508 [INFO] CodeEngine:345 - Generated code: C:\Users\maxta\Desktop\KPI\rtos\git\lab4\Core\Inc\stm32f1xx_hal_conf.h
2026-04-01 13:02:44,563 [INFO] ApiDbMcu:532 - Load IP Config File for RCC
2026-04-01 13:02:44,577 [INFO] CodeEngine:265 - oldGeneratedFile, C:\Users\maxta\Desktop\KPI\rtos\git\lab4\Core\Inc\main.h_save
2026-04-01 13:02:44,695 [INFO] CodeEngine:289 - Generated code: C:\Users\maxta\Desktop\KPI\rtos\git\lab4\Core\Inc\main.h
2026-04-01 13:02:44,703 [INFO] CodeEngine:265 - oldGeneratedFile, C:\Users\maxta\Desktop\KPI\rtos\git\lab4\Core\Src\main.c_save
2026-04-01 13:02:44,859 [INFO] CodeEngine:289 - Generated code: C:\Users\maxta\Desktop\KPI\rtos\git\lab4\Core\Src\main.c
2026-04-01 13:02:45,271 [INFO] ProjectBuilder:3606 - Time for Copy HAL[1] : 176mS.
2026-04-01 13:02:45,280 [INFO] ProjectBuilder:5216 - Project Generator version: 4.7.0-B52
2026-04-01 13:02:45,376 [INFO] ConfigFileManager:1595 - The Die is : DIE410
2026-04-01 13:02:45,390 [INFO] ApiDbMcu:532 - Load IP Config File for FATFS
2026-04-01 13:02:45,396 [INFO] ApiDbMcu:532 - Load IP Config File for FREERTOS
2026-04-01 13:02:45,403 [INFO] ApiDbMcu:532 - Load IP Config File for USB_DEVICE
2026-04-01 13:02:45,879 [INFO] LogOutputStream:77 - [STDOUT_REDIRECT] 
2026-04-01 13:02:48,279 [INFO] ProjectBuilder:5496 - Time for Generating toolchain IDE Files: 2998mS.
2026-04-01 13:02:48,280 [INFO] ProjectBuilder:3463 - Time for Copy CMSIS : 1mS.
2026-04-01 13:02:48,283 [INFO] ProjectBuilder:3463 - Time for Copy CMSIS : 0mS.
2026-04-01 13:02:49,213 [INFO] McuFinderGlobals:76 - Set McuFinderConnectedMode to true
2026-04-01 13:02:49,219 [INFO] ApiDb:448 - Save user favorites file C:\Users\maxta/.stm32cubeide/favorites.mcus.txt: 1 item(s)
2026-04-01 13:02:49,220 [INFO] ApiDb:452 - User favorites MCUs=[STM32F411VET6]
2026-04-01 14:11:50,209 [INFO] WebApp:194 - Connection lost
2026-04-01 14:11:50,443 [INFO] WebApp:191 - Connection restablished
2026-04-01 14:11:50,744 [INFO] WebApp:194 - Connection lost
2026-04-01 14:11:50,935 [INFO] WebApp:191 - Connection restablished
2026-04-01 14:11:54,707 [INFO] WebApp:194 - Connection lost
2026-04-01 14:11:54,834 [INFO] WebApp:191 - Connection restablished
2026-04-01 15:04:09,146 [INFO] WebApp:194 - Connection lost
2026-04-01 15:04:09,408 [INFO] WebApp:191 - Connection restablished
2026-04-01 15:04:09,670 [INFO] WebApp:194 - Connection lost
2026-04-01 15:04:09,926 [INFO] WebApp:191 - Connection restablished
2026-04-01 15:04:12,741 [INFO] WebApp:194 - Connection lost
2026-04-01 15:04:12,878 [INFO] WebApp:191 - Connection restablished
2026-04-01 15:04:13,690 [INFO] WebApp:194 - Connection lost
2026-04-01 15:04:13,825 [INFO] WebApp:191 - Connection restablished
2026-04-01 16:25:02,422 [ERROR] LogOutputStream:75 - [STDERR_REDIRECT] 
